Date,Price,Open,High,Low,Changes%
29-Jan-16,1.0837,1.0936,1.0951,1.0809,-0.93%
28-Jan-16,1.0939,1.0889,1.0969,1.0867,0.42%
27-Jan-16,1.0893,1.0869,1.0917,1.0849,0.19%
26-Jan-16,1.0872,1.0847,1.0876,1.0817,0.21%
25-Jan-16,1.0849,1.0797,1.0858,1.0786,0.48%
22-Jan-16,1.0797,1.0871,1.0879,1.0787,-0.71%
21-Jan-16,1.0874,1.0891,1.0922,1.0777,-0.16%
20-Jan-16,1.0891,1.0908,1.0977,1.0875,-0.16%
19-Jan-16,1.0909,1.0889,1.0941,1.0858,0.15%
18-Jan-16,1.0893,1.0916,1.094,1.0867,-0.22%
15-Jan-16,1.0917,1.0863,1.0987,1.0852,0.48%
14-Jan-16,1.0865,1.0878,1.0945,1.0833,-0.11%
13-Jan-16,1.0877,1.0854,1.0891,1.0803,0.18%
12-Jan-16,1.0857,1.0856,1.0903,1.0818,-0.03%
11-Jan-16,1.086,1.0922,1.0969,1.0846,-0.66%
8-Jan-16,1.0932,1.0931,1.0936,1.0801,-0.04%
7-Jan-16,1.0936,1.0778,1.0941,1.0769,1.44%
6-Jan-16,1.0781,1.0746,1.0802,1.0718,0.31%
5-Jan-16,1.0748,1.0829,1.084,1.0709,-0.78%
4-Jan-16,1.0832,1.0856,1.0949,1.078,-0.26%
1-Jan-16,1.086,1.086,1.0869,1.0843,0.00%
31-Dec-15,1.086,1.0932,1.0938,1.085,-0.67%
30-Dec-15,1.0933,1.0917,1.0947,1.09,0.15%
29-Dec-15,1.0917,1.0967,1.0992,1.0898,-0.46%
28-Dec-15,1.0968,1.0962,1.0995,1.0948,-0.08%
25-Dec-15,1.0977,1.0969,1.0979,1.0941,0.04%
24-Dec-15,1.0973,1.0909,1.0976,1.0899,0.58%
23-Dec-15,1.091,1.0954,1.0958,1.0869,-0.41%
22-Dec-15,1.0955,1.0913,1.0984,1.0901,0.37%
21-Dec-15,1.0915,1.0861,1.094,1.0846,0.43%
18-Dec-15,1.0868,1.0825,1.0877,1.0803,0.40%
17-Dec-15,1.0825,1.0914,1.0916,1.0799,-0.81%
16-Dec-15,1.0913,1.0931,1.1007,1.0886,-0.14%
15-Dec-15,1.0928,1.0991,1.1059,1.0903,-0.58%
14-Dec-15,1.0992,1.0983,1.105,1.0944,0.02%
11-Dec-15,1.099,1.094,1.1033,1.0924,0.46%
10-Dec-15,1.094,1.1026,1.1029,1.0924,-0.77%
9-Dec-15,1.1025,1.0888,1.1041,1.0877,1.20%
8-Dec-15,1.0894,1.0835,1.0901,1.0827,0.54%
7-Dec-15,1.0836,1.0858,1.0888,1.0794,-0.46%
4-Dec-15,1.0886,1.0937,1.0958,1.0834,-0.50%
3-Dec-15,1.0941,1.0613,1.0983,1.0538,3.07%
2-Dec-15,1.0615,1.0629,1.0644,1.0549,-0.16%
1-Dec-15,1.0632,1.0566,1.0637,1.0561,0.64%
30-Nov-15,1.0564,1.0589,1.0596,1.0556,-0.27%
27-Nov-15,1.0593,1.0607,1.064,1.0567,-0.17%
26-Nov-15,1.0611,1.0626,1.0634,1.0598,-0.15%
25-Nov-15,1.0627,1.0641,1.069,1.0565,-0.13%
24-Nov-15,1.0641,1.0633,1.0674,1.0619,0.05%
23-Nov-15,1.0636,1.0645,1.0658,1.0591,-0.09%
20-Nov-15,1.0646,1.0733,1.0745,1.0638,-0.82%
19-Nov-15,1.0734,1.0655,1.0764,1.0652,0.70%
18-Nov-15,1.0659,1.0639,1.0694,1.0615,0.14%
17-Nov-15,1.0644,1.0687,1.0696,1.0629,-0.40%
16-Nov-15,1.0687,1.0749,1.078,1.0672,-0.85%
13-Nov-15,1.0779,1.0813,1.0818,1.0713,-0.35%
12-Nov-15,1.0817,1.0743,1.0829,1.0689,0.68%
11-Nov-15,1.0744,1.0723,1.0774,1.0704,0.20%
10-Nov-15,1.0723,1.0751,1.0763,1.0673,-0.27%
9-Nov-15,1.0752,1.0735,1.0793,1.0716,0.10%
6-Nov-15,1.0741,1.0883,1.0896,1.0706,-1.30%
5-Nov-15,1.0883,1.0863,1.0898,1.0832,0.19%
4-Nov-15,1.0862,1.0962,1.0967,1.0842,-0.96%
3-Nov-15,1.0967,1.1013,1.1032,1.0935,-0.44%
2-Nov-15,1.1015,1.1013,1.1053,1.0999,0.09%
30-Oct-15,1.1005,1.0975,1.1073,1.0964,0.26%
29-Oct-15,1.0977,1.0923,1.0984,1.0903,0.52%
28-Oct-15,1.092,1.105,1.1096,1.0894,-1.17%
27-Oct-15,1.1049,1.1055,1.1079,1.1029,-0.07%
26-Oct-15,1.1057,1.1007,1.1068,1.0987,0.35%
23-Oct-15,1.1018,1.1107,1.1142,1.0993,-0.79%
22-Oct-15,1.1106,1.1338,1.1352,1.1098,-2.05%
21-Oct-15,1.1339,1.1344,1.138,1.1332,-0.05%
20-Oct-15,1.1345,1.1324,1.1387,1.1322,0.16%
19-Oct-15,1.1327,1.1349,1.1382,1.1304,-0.17%
16-Oct-15,1.1346,1.1382,1.1398,1.1333,-0.33%
15-Oct-15,1.1383,1.1473,1.1496,1.1362,-0.79%
14-Oct-15,1.1474,1.1378,1.1489,1.1374,0.83%
13-Oct-15,1.1379,1.1355,1.1413,1.1343,0.20%
12-Oct-15,1.1356,1.1354,1.1397,1.1351,-0.02%
9-Oct-15,1.1358,1.1278,1.1391,1.1265,0.70%
8-Oct-15,1.1279,1.1234,1.1325,1.1231,0.38%
7-Oct-15,1.1236,1.1269,1.1283,1.121,-0.32%
6-Oct-15,1.1272,1.1189,1.1282,1.117,0.78%
5-Oct-15,1.1185,1.1219,1.1289,1.117,-0.23%
2-Oct-15,1.1211,1.1194,1.1319,1.1149,0.14%
1-Oct-15,1.1195,1.1175,1.1209,1.1133,0.16%
30-Sep-15,1.1177,1.1245,1.1262,1.1156,-0.64%
29-Sep-15,1.1249,1.1243,1.1285,1.1192,0.04%
28-Sep-15,1.1245,1.1193,1.1249,1.1146,0.45%
25-Sep-15,1.1195,1.1227,1.1231,1.1114,-0.31%
24-Sep-15,1.123,1.1184,1.1296,1.1163,0.39%
23-Sep-15,1.1186,1.1119,1.1215,1.1103,0.59%
22-Sep-15,1.112,1.1186,1.1209,1.1112,-0.62%
21-Sep-15,1.1189,1.1281,1.1333,1.118,-1.03%
18-Sep-15,1.1305,1.1435,1.146,1.1267,-1.15%
17-Sep-15,1.1437,1.1289,1.1442,1.1283,1.31%
16-Sep-15,1.1289,1.1266,1.1321,1.1212,0.20%
15-Sep-15,1.1266,1.1313,1.1328,1.1257,-0.49%
14-Sep-15,1.1321,1.1335,1.1375,1.1282,-0.17%
11-Sep-15,1.134,1.1278,1.1349,1.1253,0.53%
10-Sep-15,1.128,1.1205,1.1299,1.117,0.65%
9-Sep-15,1.1207,1.1199,1.1219,1.113,0.06%
8-Sep-15,1.12,1.1169,1.1228,1.1151,0.30%
7-Sep-15,1.1167,1.1157,1.1178,1.112,0.18%
4-Sep-15,1.1147,1.1123,1.1181,1.1088,0.22%
3-Sep-15,1.1123,1.1224,1.1245,1.1086,-0.92%
2-Sep-15,1.1226,1.1311,1.132,1.1214,-0.82%
1-Sep-15,1.1319,1.1209,1.1333,1.1204,0.93%
31-Aug-15,1.1215,1.1173,1.1264,1.1159,0.32%
28-Aug-15,1.1179,1.1246,1.1309,1.1155,-0.59%
27-Aug-15,1.1245,1.1312,1.1366,1.1202,-0.63%
26-Aug-15,1.1316,1.1515,1.1562,1.1289,-1.75%
25-Aug-15,1.1517,1.1616,1.1625,1.1396,-0.89%
24-Aug-15,1.162,1.1361,1.1713,1.1361,2.03%
21-Aug-15,1.1389,1.1242,1.1394,1.1226,1.32%
20-Aug-15,1.1241,1.1117,1.1245,1.1105,1.10%
19-Aug-15,1.1119,1.102,1.1137,1.1017,0.89%
18-Aug-15,1.1021,1.108,1.1096,1.1015,-0.54%
17-Aug-15,1.1081,1.1105,1.1125,1.1057,-0.23%
14-Aug-15,1.1106,1.1148,1.1188,1.1096,-0.39%
13-Aug-15,1.1149,1.1156,1.1189,1.1079,-0.07%
12-Aug-15,1.1157,1.1039,1.1213,1.1023,1.06%
11-Aug-15,1.104,1.1019,1.1088,1.0959,0.19%
10-Aug-15,1.1019,1.0966,1.1044,1.0924,0.46%
7-Aug-15,1.0969,1.0927,1.0981,1.0854,0.40%
6-Aug-15,1.0925,1.0907,1.0944,1.0874,0.17%
5-Aug-15,1.0906,1.0881,1.0938,1.0847,0.23%
4-Aug-15,1.0881,1.095,1.099,1.0876,-0.64%
3-Aug-15,1.0951,1.0968,1.0997,1.094,-0.34%
31-Jul-15,1.0988,1.0933,1.1114,1.092,0.50%
30-Jul-15,1.0933,1.0985,1.0992,1.0892,-0.48%
29-Jul-15,1.0986,1.1059,1.1086,1.0965,-0.66%
28-Jul-15,1.1059,1.1087,1.11,1.102,-0.32%
27-Jul-15,1.1094,1.0971,1.1131,1.0967,1.00%
24-Jul-15,1.0984,1.0981,1.0997,1.0924,0.02%
23-Jul-15,1.0982,1.0927,1.1019,1.092,0.44%
22-Jul-15,1.0934,1.0935,1.0966,1.0869,-0.03%
21-Jul-15,1.0937,1.0824,1.097,1.081,1.02%
20-Jul-15,1.0827,1.0831,1.0872,1.0808,-0.03%
17-Jul-15,1.083,1.0873,1.0908,1.0826,-0.42%
16-Jul-15,1.0876,1.0946,1.0963,1.0854,-0.67%
15-Jul-15,1.0949,1.1009,1.1036,1.0928,-0.57%
14-Jul-15,1.1012,1.1001,1.1083,1.0964,0.08%
13-Jul-15,1.1003,1.1105,1.1198,1.0994,-1.44%
10-Jul-15,1.1164,1.1035,1.1218,1.1029,1.14%
9-Jul-15,1.1038,1.1075,1.1125,1.0989,-0.35%
8-Jul-15,1.1077,1.101,1.1094,1.0972,0.58%
7-Jul-15,1.1013,1.1054,1.1061,1.0915,-0.40%
6-Jul-15,1.1057,1.0991,1.1097,1.0967,-0.51%
3-Jul-15,1.1114,1.1084,1.1119,1.1064,0.27%
2-Jul-15,1.1084,1.1052,1.1123,1.103,0.27%
1-Jul-15,1.1054,1.1138,1.1173,1.1041,-0.75%
30-Jun-15,1.1138,1.1234,1.1245,1.1111,-0.87%
29-Jun-15,1.1236,1.103,1.1279,1.0953,0.63%
26-Jun-15,1.1166,1.1205,1.1221,1.1129,-0.34%
25-Jun-15,1.1204,1.1203,1.1227,1.1152,-0.03%
24-Jun-15,1.1207,1.1169,1.1237,1.1154,0.33%
23-Jun-15,1.117,1.134,1.1348,1.1134,-1.51%
22-Jun-15,1.1341,1.1362,1.1411,1.1311,-0.11%
19-Jun-15,1.1353,1.1359,1.1393,1.1291,-0.06%
18-Jun-15,1.136,1.1335,1.1438,1.1329,0.20%
17-Jun-15,1.1337,1.1247,1.136,1.1211,0.79%
16-Jun-15,1.1248,1.1281,1.1331,1.1204,-0.31%
15-Jun-15,1.1283,1.1225,1.1295,1.1188,0.12%
12-Jun-15,1.1269,1.1256,1.1298,1.115,0.10%
11-Jun-15,1.1258,1.1324,1.1332,1.1182,-0.60%
10-Jun-15,1.1326,1.1283,1.1386,1.1259,0.38%
9-Jun-15,1.1283,1.1291,1.1345,1.1213,-0.08%
8-Jun-15,1.1292,1.1112,1.1306,1.108,1.61%
5-Jun-15,1.1113,1.1237,1.1281,1.1048,-1.12%
4-Jun-15,1.1239,1.1274,1.1381,1.1225,-0.32%
3-Jun-15,1.1275,1.1151,1.1284,1.1078,1.08%
2-Jun-15,1.1155,1.0925,1.1194,1.0913,2.08%
1-Jun-15,1.0928,1.0986,1.0991,1.0886,-0.55%
29-May-15,1.0988,1.0947,1.1006,1.0925,0.36%
28-May-15,1.0949,1.0903,1.096,1.0867,0.40%
27-May-15,1.0905,1.0871,1.0931,1.0818,0.29%
26-May-15,1.0874,1.0977,1.0984,1.0862,-0.95%
25-May-15,1.0978,1.1003,1.1012,1.0958,-0.36%
22-May-15,1.1018,1.1112,1.1211,1.1001,-0.85%
21-May-15,1.1113,1.1092,1.1181,1.1079,0.18%
20-May-15,1.1093,1.1148,1.1156,1.1061,-0.51%
19-May-15,1.115,1.1314,1.1328,1.1117,-1.47%
18-May-15,1.1316,1.144,1.145,1.1297,-1.20%
15-May-15,1.1453,1.1408,1.1467,1.1323,0.38%
14-May-15,1.141,1.1357,1.1447,1.1339,0.46%
13-May-15,1.1358,1.1212,1.1384,1.1201,1.28%
12-May-15,1.1214,1.1154,1.1278,1.1133,0.53%
11-May-15,1.1155,1.1196,1.1207,1.113,-0.44%
8-May-15,1.1204,1.1265,1.1289,1.1177,-0.55%
7-May-15,1.1266,1.1346,1.1393,1.1236,-0.78%
6-May-15,1.1354,1.1184,1.1373,1.1174,1.50%
5-May-15,1.1186,1.1145,1.1223,1.1065,0.36%
4-May-15,1.1146,1.12,1.1226,1.1121,-0.49%
1-May-15,1.1201,1.1221,1.1291,1.1174,-0.20%
30-Apr-15,1.1224,1.1128,1.1268,1.107,0.83%
29-Apr-15,1.1132,1.098,1.1189,1.0958,1.38%
28-Apr-15,1.0981,1.0892,1.0992,1.0858,0.84%
27-Apr-15,1.0889,1.087,1.0928,1.0818,0.14%
24-Apr-15,1.0874,1.0823,1.0901,1.0783,0.44%
23-Apr-15,1.0826,1.0724,1.0848,1.0665,0.92%
22-Apr-15,1.0727,1.0735,1.0801,1.0707,-0.08%
21-Apr-15,1.0736,1.0737,1.0783,1.0658,-0.01%
20-Apr-15,1.0737,1.082,1.0825,1.0711,-0.65%
17-Apr-15,1.0807,1.076,1.085,1.0735,0.43%
16-Apr-15,1.0761,1.0683,1.0818,1.0623,0.69%
15-Apr-15,1.0687,1.0653,1.0702,1.057,0.31%
14-Apr-15,1.0654,1.0565,1.0709,1.0529,0.81%
13-Apr-15,1.0568,1.06,1.0619,1.0519,-0.34%
10-Apr-15,1.0604,1.0658,1.0685,1.0567,-0.52%
9-Apr-15,1.0659,1.078,1.0789,1.0636,-1.12%
8-Apr-15,1.078,1.0814,1.0889,1.0763,-0.33%
7-Apr-15,1.0816,1.0919,1.0957,1.0802,-0.98%
6-Apr-15,1.0923,1.0988,1.1038,1.0909,-0.50%
3-Apr-15,1.0978,1.0881,1.1028,1.0862,0.87%
2-Apr-15,1.0883,1.0762,1.0905,1.0749,1.11%
1-Apr-15,1.0764,1.0733,1.0801,1.0717,0.31%
31-Mar-15,1.0731,1.0832,1.0846,1.0712,-0.95%
30-Mar-15,1.0834,1.0887,1.0897,1.0809,-0.51%
27-Mar-15,1.0889,1.0884,1.095,1.08,0.05%
26-Mar-15,1.0884,1.0968,1.1052,1.0855,-0.80%
25-Mar-15,1.0972,1.0923,1.1017,1.0899,0.42%
24-Mar-15,1.0926,1.0945,1.1032,1.0889,-0.18%
23-Mar-15,1.0946,1.0836,1.0973,1.0766,1.15%
20-Mar-15,1.0822,1.0659,1.0883,1.0648,1.52%
19-Mar-15,1.066,1.0865,1.0915,1.0612,-1.90%
18-Mar-15,1.0866,1.0596,1.1033,1.0579,2.54%
17-Mar-15,1.0597,1.0566,1.0651,1.055,0.26%
16-Mar-15,1.0569,1.0492,1.0621,1.0456,0.71%
13-Mar-15,1.0495,1.0635,1.0639,1.046,-1.32%
12-Mar-15,1.0635,1.0546,1.0683,1.0494,0.83%
11-Mar-15,1.0547,1.0697,1.0718,1.0509,-1.41%
10-Mar-15,1.0698,1.085,1.0856,1.0691,-1.42%
9-Mar-15,1.0852,1.083,1.0908,1.0821,0.07%
6-Mar-15,1.0844,1.1031,1.1035,1.084,-1.70%
5-Mar-15,1.1031,1.1077,1.1116,1.0986,-0.43%
4-Mar-15,1.1079,1.1176,1.1187,1.106,-0.87%
3-Mar-15,1.1176,1.1181,1.1219,1.1153,-0.07%
2-Mar-15,1.1184,1.1186,1.1241,1.1158,-0.11%
27-Feb-15,1.1196,1.1197,1.1247,1.1175,-0.02%
26-Feb-15,1.1198,1.1359,1.1381,1.1182,-1.43%
25-Feb-15,1.1361,1.1339,1.1388,1.1334,0.18%
24-Feb-15,1.1341,1.1334,1.136,1.1287,0.07%
23-Feb-15,1.1333,1.1382,1.1415,1.1294,-0.42%
20-Feb-15,1.1381,1.1367,1.143,1.1278,0.13%
19-Feb-15,1.1366,1.1396,1.145,1.1354,-0.28%
18-Feb-15,1.1398,1.141,1.1418,1.1332,-0.12%
17-Feb-15,1.1412,1.1352,1.145,1.132,0.52%
16-Feb-15,1.1353,1.1384,1.1429,1.1317,-0.28%
13-Feb-15,1.1385,1.1401,1.1443,1.1378,-0.16%
12-Feb-15,1.1403,1.1333,1.1423,1.1301,0.61%
11-Feb-15,1.1334,1.1319,1.1349,1.1278,0.11%
10-Feb-15,1.1321,1.1325,1.1346,1.1272,-0.03%
9-Feb-15,1.1324,1.1314,1.136,1.1269,0.07%
6-Feb-15,1.1316,1.1475,1.1488,1.131,-1.40%
5-Feb-15,1.1477,1.1343,1.15,1.1302,1.15%
4-Feb-15,1.1346,1.148,1.1486,1.1315,-1.18%
3-Feb-15,1.1481,1.1341,1.1534,1.1311,1.23%
2-Feb-15,1.1342,1.1282,1.1364,1.1278,0.48%
30-Jan-15,1.1288,1.1319,1.1365,1.1277,-0.28%
29-Jan-15,1.132,1.1286,1.1369,1.126,0.28%
28-Jan-15,1.1288,1.138,1.1385,1.1274,-0.82%
27-Jan-15,1.1381,1.1236,1.1422,1.1223,1.26%
26-Jan-15,1.1239,1.1184,1.1297,1.1098,0.28%
23-Jan-15,1.1208,1.1365,1.1374,1.1113,-1.39%
22-Jan-15,1.1366,1.1609,1.1647,1.1316,-2.10%
21-Jan-15,1.161,1.155,1.1677,1.154,0.52%
20-Jan-15,1.155,1.1604,1.1616,1.1539,-0.47%
19-Jan-15,1.1605,1.1549,1.1641,1.1544,0.31%
16-Jan-15,1.1569,1.163,1.165,1.1459,-0.52%
15-Jan-15,1.163,1.1787,1.1796,1.1567,-1.35%
14-Jan-15,1.1789,1.1772,1.1845,1.1726,0.14%
13-Jan-15,1.1772,1.1832,1.186,1.1752,-0.52%
12-Jan-15,1.1834,1.1837,1.1871,1.1785,-0.07%
9-Jan-15,1.1842,1.1791,1.1848,1.1761,0.42%
8-Jan-15,1.1792,1.1839,1.1847,1.1753,-0.41%
7-Jan-15,1.184,1.1889,1.1899,1.18,-0.41%
6-Jan-15,1.1889,1.1932,1.1969,1.1883,-0.37%
5-Jan-15,1.1933,1.2001,1.2008,1.188,-0.58%
2-Jan-15,1.2003,1.2103,1.211,1.1999,-0.83%
1-Jan-15,1.2104,1.2098,1.2107,1.2092,0.04%
31-Dec-14,1.2099,1.2154,1.2171,1.2095,-0.49%
30-Dec-14,1.2158,1.215,1.2188,1.2122,0.05%
29-Dec-14,1.2152,1.2181,1.2221,1.2141,-0.20%
26-Dec-14,1.2176,1.2222,1.2228,1.2167,-0.38%
25-Dec-14,1.2223,1.2194,1.2255,1.2184,0.24%
24-Dec-14,1.2194,1.2171,1.2222,1.2168,0.18%
23-Dec-14,1.2172,1.2229,1.2247,1.2164,-0.47%
22-Dec-14,1.223,1.2225,1.2273,1.2214,0.02%
19-Dec-14,1.2228,1.2285,1.2305,1.2219,-0.47%
18-Dec-14,1.2286,1.2341,1.2353,1.2264,-0.46%
17-Dec-14,1.2343,1.251,1.2517,1.232,-1.34%
16-Dec-14,1.2511,1.2435,1.2571,1.2431,0.59%
15-Dec-14,1.2437,1.2461,1.2486,1.2413,-0.20%
12-Dec-14,1.2462,1.2411,1.2487,1.2382,0.41%
11-Dec-14,1.2411,1.2446,1.2496,1.2368,-0.30%
10-Dec-14,1.2448,1.2373,1.2449,1.236,0.59%
9-Dec-14,1.2375,1.2316,1.2448,1.2291,0.47%
8-Dec-14,1.2317,1.2277,1.2344,1.2245,0.25%
5-Dec-14,1.2286,1.2379,1.2393,1.2271,-0.75%
4-Dec-14,1.2379,1.2311,1.2458,1.228,0.55%
3-Dec-14,1.2311,1.2381,1.2391,1.2299,-0.58%
2-Dec-14,1.2383,1.2469,1.2478,1.2375,-0.70%
1-Dec-14,1.247,1.2455,1.2507,1.2418,0.14%
28-Nov-14,1.2452,1.2466,1.2492,1.2425,-0.12%
27-Nov-14,1.2467,1.2505,1.2524,1.2463,-0.31%
26-Nov-14,1.2506,1.2474,1.2532,1.2442,0.26%
25-Nov-14,1.2474,1.2442,1.2487,1.24,0.25%
24-Nov-14,1.2443,1.2376,1.2445,1.2357,0.43%
21-Nov-14,1.239,1.2538,1.2571,1.2373,-1.19%
20-Nov-14,1.2539,1.2553,1.2576,1.2503,-0.12%
19-Nov-14,1.2554,1.2536,1.26,1.2511,0.14%
18-Nov-14,1.2537,1.2449,1.2546,1.2441,0.70%
17-Nov-14,1.245,1.2525,1.2578,1.2443,-0.59%
14-Nov-14,1.2524,1.2475,1.2549,1.2397,0.38%
13-Nov-14,1.2476,1.2438,1.2492,1.2424,0.30%
12-Nov-14,1.2439,1.2475,1.2499,1.2417,-0.29%
11-Nov-14,1.2475,1.242,1.25,1.2393,0.43%
10-Nov-14,1.2421,1.2451,1.251,1.2416,-0.26%
7-Nov-14,1.2454,1.2373,1.2471,1.2357,0.64%
6-Nov-14,1.2375,1.2485,1.2535,1.2363,-0.89%
5-Nov-14,1.2486,1.2545,1.2568,1.2456,-0.48%
4-Nov-14,1.2546,1.2481,1.2578,1.248,0.50%
3-Nov-14,1.2483,1.2515,1.2517,1.2441,-0.34%
31-Oct-14,1.2525,1.2612,1.2617,1.2484,-0.70%
30-Oct-14,1.2613,1.263,1.264,1.2546,-0.15%
29-Oct-14,1.2632,1.2733,1.2772,1.2629,-0.80%
28-Oct-14,1.2734,1.2698,1.2765,1.2683,0.28%
27-Oct-14,1.2698,1.2681,1.2725,1.2664,0.21%
24-Oct-14,1.2671,1.2645,1.2695,1.2633,0.19%
23-Oct-14,1.2647,1.2648,1.2678,1.2612,-0.02%
22-Oct-14,1.2649,1.2715,1.274,1.2635,-0.52%
21-Oct-14,1.2715,1.28,1.284,1.2712,-0.66%
20-Oct-14,1.2799,1.2757,1.2817,1.273,0.28%
17-Oct-14,1.2763,1.2809,1.2837,1.2742,-0.37%
16-Oct-14,1.281,1.2835,1.2847,1.2704,-0.21%
15-Oct-14,1.2837,1.2658,1.2886,1.2623,1.41%
14-Oct-14,1.2659,1.2751,1.2769,1.2639,-0.74%
13-Oct-14,1.2753,1.2636,1.2762,1.2618,0.99%
10-Oct-14,1.2628,1.269,1.2716,1.2604,-0.50%
9-Oct-14,1.2691,1.2732,1.2792,1.2663,-0.34%
8-Oct-14,1.2734,1.2668,1.2749,1.2621,0.51%
7-Oct-14,1.267,1.2654,1.2683,1.2582,0.13%
6-Oct-14,1.2654,1.2507,1.2676,1.2502,1.09%
3-Oct-14,1.2517,1.2667,1.2676,1.2499,-1.20%
2-Oct-14,1.2669,1.2621,1.2698,1.2612,0.36%
1-Oct-14,1.2624,1.263,1.264,1.2583,-0.06%
30-Sep-14,1.2632,1.2683,1.2703,1.257,-0.42%
29-Sep-14,1.2685,1.2684,1.2716,1.2663,0.00%
26-Sep-14,1.2685,1.275,1.2761,1.2675,-0.52%
25-Sep-14,1.2751,1.2779,1.2785,1.2697,-0.23%
24-Sep-14,1.278,1.2845,1.2864,1.2773,-0.52%
23-Sep-14,1.2847,1.2849,1.2903,1.284,-0.02%
22-Sep-14,1.285,1.2826,1.2868,1.2814,0.16%
19-Sep-14,1.2829,1.2922,1.293,1.2826,-0.73%
18-Sep-14,1.2923,1.2864,1.2931,1.2833,0.44%
17-Sep-14,1.2866,1.2958,1.2981,1.285,-0.73%
16-Sep-14,1.296,1.2937,1.2995,1.2921,0.15%
15-Sep-14,1.2941,1.2975,1.2981,1.2907,-0.19%
12-Sep-14,1.2965,1.2924,1.298,1.2908,0.30%
11-Sep-14,1.2926,1.2916,1.2952,1.2895,0.07%
10-Sep-14,1.2917,1.2935,1.2963,1.2882,-0.15%
9-Sep-14,1.2937,1.2896,1.2959,1.2858,0.31%
8-Sep-14,1.2897,1.2942,1.2963,1.2881,-0.42%
5-Sep-14,1.2951,1.2943,1.2987,1.292,0.05%
4-Sep-14,1.2945,1.3146,1.3155,1.2918,-1.57%
3-Sep-14,1.3151,1.313,1.3161,1.3121,0.14%
2-Sep-14,1.3133,1.3128,1.3139,1.3108,0.04%
1-Sep-14,1.3128,1.3137,1.3146,1.3117,-0.04%
29-Aug-14,1.3133,1.3178,1.3196,1.313,-0.38%
28-Aug-14,1.3183,1.3192,1.3221,1.3158,-0.08%
27-Aug-14,1.3193,1.3167,1.3211,1.3151,0.18%
26-Aug-14,1.3169,1.3191,1.3216,1.3163,-0.18%
25-Aug-14,1.3193,1.3218,1.3219,1.3182,-0.38%
22-Aug-14,1.3243,1.3281,1.3298,1.3219,-0.29%
21-Aug-14,1.3282,1.3259,1.3289,1.3241,0.17%
20-Aug-14,1.326,1.3318,1.3326,1.3253,-0.45%
19-Aug-14,1.332,1.3362,1.3366,1.3311,-0.32%
18-Aug-14,1.3363,1.3392,1.34,1.3351,-0.27%
15-Aug-14,1.3399,1.3365,1.3412,1.3357,0.26%
14-Aug-14,1.3364,1.3362,1.341,1.3346,0.00%
13-Aug-14,1.3364,1.3369,1.3416,1.3341,-0.04%
12-Aug-14,1.337,1.3385,1.3386,1.3335,-0.11%
11-Aug-14,1.3385,1.34,1.3415,1.3378,-0.19%
8-Aug-14,1.3411,1.3362,1.3433,1.3342,0.36%
7-Aug-14,1.3363,1.3382,1.3395,1.3336,-0.14%
6-Aug-14,1.3382,1.3375,1.3389,1.3331,0.04%
5-Aug-14,1.3376,1.3421,1.3425,1.3357,-0.34%
4-Aug-14,1.3422,1.3426,1.3434,1.3407,-0.07%
1-Aug-14,1.3431,1.339,1.3445,1.3377,0.31%
31-Jul-14,1.3389,1.3395,1.3401,1.337,-0.06%
30-Jul-14,1.3397,1.3408,1.3416,1.3365,-0.10%
29-Jul-14,1.341,1.3439,1.3445,1.3402,-0.22%
28-Jul-14,1.344,1.343,1.3445,1.3425,0.06%
25-Jul-14,1.3432,1.3463,1.3478,1.342,-0.24%
24-Jul-14,1.3464,1.3462,1.3485,1.3436,-0.01%
23-Jul-14,1.3465,1.3464,1.3475,1.3453,0.00%
22-Jul-14,1.3465,1.3523,1.3531,1.3458,-0.43%
21-Jul-14,1.3523,1.3526,1.355,1.3511,-0.01%
18-Jul-14,1.3524,1.3525,1.3536,1.349,-0.02%
17-Jul-14,1.3527,1.3524,1.3541,1.3515,0.01%
16-Jul-14,1.3525,1.3567,1.3575,1.3519,-0.35%
15-Jul-14,1.3572,1.3619,1.3628,1.356,-0.35%
14-Jul-14,1.362,1.3601,1.364,1.3596,0.08%
11-Jul-14,1.3609,1.3608,1.3625,1.359,-0.01%
10-Jul-14,1.361,1.3643,1.3651,1.3588,-0.26%
9-Jul-14,1.3645,1.3612,1.3648,1.36,0.24%
8-Jul-14,1.3613,1.3604,1.3619,1.3587,0.06%
7-Jul-14,1.3605,1.3595,1.3612,1.3574,0.07%
4-Jul-14,1.3596,1.361,1.3614,1.3584,-0.11%
3-Jul-14,1.3611,1.3658,1.3665,1.3595,-0.36%
2-Jul-14,1.366,1.3677,1.3683,1.364,-0.14%
1-Jul-14,1.3679,1.3691,1.37,1.3674,-0.09%
30-Jun-14,1.3692,1.3645,1.3698,1.3638,0.32%
27-Jun-14,1.3649,1.3609,1.3652,1.3607,0.27%
26-Jun-14,1.3612,1.3628,1.3641,1.3574,-0.13%
25-Jun-14,1.363,1.3606,1.3652,1.3598,0.18%
24-Jun-14,1.3605,1.3603,1.3628,1.3582,0.00%
23-Jun-14,1.3605,1.3593,1.3616,1.3572,0.04%
20-Jun-14,1.3599,1.3607,1.3634,1.3563,-0.07%
19-Jun-14,1.3608,1.3595,1.3643,1.3582,0.09%
18-Jun-14,1.3596,1.3546,1.3599,1.354,0.37%
17-Jun-14,1.3546,1.3573,1.3588,1.3535,-0.21%
16-Jun-14,1.3575,1.3534,1.358,1.3512,0.24%
13-Jun-14,1.3542,1.3551,1.3579,1.3519,-0.08%
12-Jun-14,1.3553,1.3531,1.3574,1.351,0.15%
11-Jun-14,1.3533,1.3547,1.3558,1.352,-0.12%
10-Jun-14,1.3549,1.3593,1.3603,1.3532,-0.33%
9-Jun-14,1.3594,1.3643,1.367,1.3581,-0.35%
6-Jun-14,1.3642,1.366,1.3679,1.3619,-0.13%
5-Jun-14,1.366,1.3597,1.3671,1.3502,0.45%
4-Jun-14,1.3599,1.3627,1.3639,1.3594,-0.21%
3-Jun-14,1.3627,1.3596,1.3647,1.3585,0.22%
2-Jun-14,1.3597,1.3633,1.3645,1.3586,-0.25%
30-May-14,1.3631,1.36,1.365,1.3597,0.21%
29-May-14,1.3602,1.3588,1.3626,1.3584,0.08%
28-May-14,1.3591,1.3633,1.3639,1.3586,-0.32%
27-May-14,1.3635,1.3644,1.3671,1.3611,-0.08%
26-May-14,1.3646,1.3625,1.3655,1.3614,0.09%
23-May-14,1.3634,1.3655,1.366,1.3614,-0.16%
22-May-14,1.3656,1.3685,1.3689,1.3643,-0.23%
21-May-14,1.3687,1.3702,1.3724,1.3634,-0.12%
20-May-14,1.3703,1.3707,1.3714,1.3677,-0.04%
19-May-14,1.3709,1.3701,1.3736,1.3686,0.10%
16-May-14,1.3695,1.3709,1.3729,1.3684,-0.12%
15-May-14,1.3711,1.3714,1.3733,1.3647,-0.03%
14-May-14,1.3715,1.3703,1.3732,1.3696,0.08%
13-May-14,1.3704,1.3755,1.3774,1.3688,-0.39%
12-May-14,1.3757,1.3749,1.3775,1.3747,-0.02%
9-May-14,1.376,1.3838,1.3846,1.3743,-0.59%
8-May-14,1.3841,1.391,1.3993,1.3831,-0.51%
7-May-14,1.3912,1.3926,1.394,1.3908,-0.11%
6-May-14,1.3928,1.3874,1.3952,1.3868,0.37%
5-May-14,1.3876,1.387,1.3892,1.3863,0.04%
2-May-14,1.387,1.3868,1.3881,1.381,0.01%
1-May-14,1.3869,1.3865,1.3889,1.386,0.01%
30-Apr-14,1.3867,1.3811,1.3878,1.3775,0.40%
29-Apr-14,1.3812,1.3848,1.3879,1.3804,-0.27%
28-Apr-14,1.385,1.3833,1.388,1.3813,0.12%
25-Apr-14,1.3833,1.383,1.385,1.3824,0.00%
24-Apr-14,1.3833,1.3816,1.3843,1.379,0.12%
23-Apr-14,1.3817,1.3804,1.3855,1.3799,0.09%
22-Apr-14,1.3805,1.3792,1.3826,1.3783,0.09%
21-Apr-14,1.3793,1.3808,1.3832,1.3785,-0.16%
18-Apr-14,1.3815,1.3812,1.3825,1.3806,0.00%
17-Apr-14,1.3815,1.3815,1.3866,1.3809,-0.01%
16-Apr-14,1.3816,1.3812,1.3852,1.3802,0.01%
15-Apr-14,1.3814,1.3819,1.3835,1.3788,-0.05%
14-Apr-14,1.3821,1.3836,1.3865,1.3807,-0.46%
11-Apr-14,1.3885,1.3886,1.3907,1.3862,-0.02%
10-Apr-14,1.3888,1.3854,1.3899,1.3834,0.23%
9-Apr-14,1.3856,1.3794,1.3862,1.3778,0.43%
8-Apr-14,1.3796,1.3739,1.3813,1.3735,0.40%
7-Apr-14,1.3741,1.3695,1.3749,1.3688,0.28%
4-Apr-14,1.3703,1.3718,1.3732,1.3671,-0.12%
3-Apr-14,1.372,1.3766,1.3807,1.3697,-0.34%
2-Apr-14,1.3767,1.3791,1.3821,1.3751,-0.20%
1-Apr-14,1.3794,1.3767,1.3817,1.3766,0.17%
31-Mar-14,1.3771,1.3754,1.3807,1.3733,0.13%
28-Mar-14,1.3753,1.3739,1.3773,1.3704,0.09%
27-Mar-14,1.374,1.378,1.3798,1.3727,-0.31%
26-Mar-14,1.3783,1.3825,1.3829,1.3775,-0.32%
25-Mar-14,1.3827,1.3837,1.3848,1.3748,-0.09%
24-Mar-14,1.3839,1.3791,1.3876,1.3759,0.33%
21-Mar-14,1.3794,1.3777,1.3814,1.3764,0.11%
20-Mar-14,1.3779,1.3831,1.3845,1.3748,-0.39%
19-Mar-14,1.3833,1.3932,1.3935,1.3808,-0.72%
18-Mar-14,1.3934,1.392,1.3942,1.3879,0.09%
17-Mar-14,1.3922,1.3909,1.3949,1.3877,0.05%
14-Mar-14,1.3915,1.3866,1.3937,1.3846,0.33%
13-Mar-14,1.3869,1.3902,1.3968,1.3843,-0.24%
12-Mar-14,1.3903,1.3859,1.3915,1.3841,0.31%
11-Mar-14,1.386,1.3874,1.388,1.3832,-0.12%
10-Mar-14,1.3877,1.3874,1.3898,1.386,-0.01%
7-Mar-14,1.3878,1.3858,1.3917,1.3852,0.12%
6-Mar-14,1.3861,1.3731,1.3874,1.372,0.93%
5-Mar-14,1.3733,1.3742,1.3746,1.3706,-0.07%
4-Mar-14,1.3743,1.3733,1.3782,1.3719,0.06%
3-Mar-14,1.3735,1.3785,1.3793,1.3724,-0.49%
28-Feb-14,1.3802,1.3707,1.3824,1.3692,0.68%
27-Feb-14,1.3709,1.3686,1.3727,1.3641,0.15%
26-Feb-14,1.3688,1.3743,1.3758,1.366,-0.41%
25-Feb-14,1.3745,1.3734,1.3766,1.3714,0.07%
24-Feb-14,1.3735,1.3734,1.377,1.3707,-0.04%
21-Feb-14,1.374,1.3717,1.376,1.3701,0.15%
20-Feb-14,1.3719,1.3732,1.3762,1.3685,-0.10%
19-Feb-14,1.3733,1.3756,1.3774,1.3723,-0.18%
18-Feb-14,1.3758,1.3705,1.377,1.3693,0.36%
17-Feb-14,1.3708,1.3686,1.3725,1.3685,0.11%
14-Feb-14,1.3693,1.3679,1.3718,1.3672,0.09%
13-Feb-14,1.3681,1.3592,1.3694,1.3584,0.63%
12-Feb-14,1.3595,1.3637,1.3655,1.3561,-0.32%
11-Feb-14,1.3639,1.3645,1.3685,1.3628,-0.05%
10-Feb-14,1.3646,1.3631,1.3654,1.3607,0.08%
7-Feb-14,1.3635,1.3588,1.3642,1.3551,0.33%
6-Feb-14,1.359,1.3531,1.3621,1.3483,0.42%
5-Feb-14,1.3533,1.3518,1.3555,1.3497,0.10%
4-Feb-14,1.3519,1.3523,1.3539,1.3492,-0.04%
3-Feb-14,1.3525,1.3492,1.3536,1.3475,0.28%
31-Jan-14,1.3487,1.3555,1.357,1.3478,-0.51%
30-Jan-14,1.3556,1.3661,1.3666,1.3542,-0.78%
29-Jan-14,1.3663,1.3667,1.3685,1.3602,-0.04%
28-Jan-14,1.3669,1.3672,1.3689,1.3628,-0.02%
27-Jan-14,1.3672,1.3675,1.3718,1.3652,-0.04%
24-Jan-14,1.3678,1.3694,1.3741,1.3662,-0.12%
23-Jan-14,1.3695,1.3546,1.3699,1.3529,1.09%
22-Jan-14,1.3547,1.3558,1.3583,1.3533,-0.10%
21-Jan-14,1.3561,1.355,1.3572,1.3515,0.07%
20-Jan-14,1.3552,1.3541,1.357,1.3506,0.08%
17-Jan-14,1.3541,1.3618,1.3623,1.3515,-0.58%
16-Jan-14,1.362,1.3603,1.365,1.3581,0.11%
15-Jan-14,1.3605,1.3678,1.3684,1.358,-0.54%
14-Jan-14,1.3679,1.3669,1.3699,1.3647,0.05%
13-Jan-14,1.3672,1.3668,1.3685,1.3636,0.01%
10-Jan-14,1.367,1.3607,1.3689,1.3574,0.46%
9-Jan-14,1.3608,1.3574,1.3636,1.3547,0.24%
8-Jan-14,1.3576,1.3615,1.3637,1.3552,-0.29%
7-Jan-14,1.3616,1.3626,1.3657,1.3595,-0.09%
6-Jan-14,1.3628,1.3588,1.3653,1.357,0.29%
3-Jan-14,1.3588,1.367,1.3674,1.3581,-0.61%