Date,Price,Open,High,Low,Change %
29-Jan-16,1.4247,1.436,1.4416,1.4147,-0.80%
28-Jan-16,1.4362,1.4231,1.4412,1.4229,0.91%
27-Jan-16,1.4233,1.4348,1.4359,1.4226,-0.83%
26-Jan-16,1.4352,1.4247,1.4368,1.4171,0.72%
25-Jan-16,1.4249,1.4268,1.4311,1.4221,-0.11%
22-Jan-16,1.4265,1.4219,1.4364,1.4202,0.33%
21-Jan-16,1.4218,1.4188,1.4249,1.4079,0.19%
20-Jan-16,1.4191,1.4153,1.422,1.4123,0.23%
19-Jan-16,1.4158,1.424,1.4341,1.4127,-0.60%
18-Jan-16,1.4244,1.4259,1.4325,1.4233,-0.10%
15-Jan-16,1.4258,1.4412,1.4431,1.4247,-1.08%
14-Jan-16,1.4414,1.4403,1.4446,1.4358,0.05%
13-Jan-16,1.4407,1.4443,1.4476,1.4378,-0.26%
12-Jan-16,1.4444,1.4538,1.4561,1.435,-0.69%
11-Jan-16,1.4544,1.452,1.4608,1.4491,0.17%
8-Jan-16,1.452,1.4614,1.4647,1.4504,-0.67%
7-Jan-16,1.4618,1.4628,1.4643,1.453,-0.06%
6-Jan-16,1.4627,1.4674,1.4683,1.46,-0.31%
5-Jan-16,1.4672,1.4711,1.4726,1.4636,-0.31%
4-Jan-16,1.4717,1.4746,1.4815,1.4661,-0.21%
1-Jan-16,1.4748,1.4734,1.4753,1.4734,0.06%
31-Dec-15,1.4739,1.4812,1.4845,1.4722,-0.52%
30-Dec-15,1.4816,1.4811,1.4852,1.479,0.03%
29-Dec-15,1.4812,1.4876,1.4915,1.4783,-0.44%
28-Dec-15,1.4877,1.4909,1.4935,1.487,-0.38%
25-Dec-15,1.4933,1.4914,1.4948,1.4878,0.11%
24-Dec-15,1.4917,1.4869,1.4947,1.4861,0.30%
23-Dec-15,1.4872,1.4827,1.4904,1.4815,0.32%
22-Dec-15,1.4825,1.488,1.4908,1.4802,-0.40%
21-Dec-15,1.4885,1.4896,1.4935,1.4875,-0.06%
18-Dec-15,1.4894,1.49,1.4951,1.4883,-0.05%
17-Dec-15,1.4901,1.4999,1.5004,1.4862,-0.69%
16-Dec-15,1.5004,1.5033,1.5102,1.4962,-0.21%
15-Dec-15,1.5035,1.5141,1.5186,1.5025,-0.71%
14-Dec-15,1.5142,1.5215,1.5232,1.5105,-0.49%
11-Dec-15,1.5217,1.5159,1.524,1.5123,0.38%
10-Dec-15,1.5159,1.5174,1.5202,1.511,-0.14%
9-Dec-15,1.5181,1.5007,1.5191,1.5001,1.15%
8-Dec-15,1.5008,1.5054,1.5062,1.4954,-0.30%
7-Dec-15,1.5053,1.5097,1.5116,1.504,-0.39%
4-Dec-15,1.5112,1.5143,1.5157,1.5076,-0.22%
3-Dec-15,1.5146,1.4949,1.516,1.4902,1.30%
2-Dec-15,1.4951,1.5079,1.5087,1.4893,-0.86%
1-Dec-15,1.5081,1.5054,1.5126,1.5048,0.17%
30-Nov-15,1.5056,1.5036,1.5071,1.4991,0.13%
27-Nov-15,1.5037,1.51,1.5109,1.5028,-0.43%
26-Nov-15,1.5102,1.5128,1.5133,1.5063,-0.17%
25-Nov-15,1.5128,1.5076,1.5137,1.5053,0.27%
24-Nov-15,1.5087,1.5122,1.5159,1.5051,-0.25%
23-Nov-15,1.5125,1.5186,1.5197,1.5104,-0.44%
20-Nov-15,1.5192,1.5289,1.5312,1.518,-0.64%
19-Nov-15,1.529,1.5235,1.5336,1.5222,0.35%
18-Nov-15,1.5237,1.5209,1.5249,1.5185,0.15%
17-Nov-15,1.5214,1.5199,1.524,1.5153,0.10%
16-Nov-15,1.5199,1.5235,1.5229,1.5179,-0.22%
13-Nov-15,1.5233,1.5231,1.5266,1.5185,0.01%
12-Nov-15,1.5231,1.5207,1.5246,1.5171,0.12%
11-Nov-15,1.5212,1.5116,1.5226,1.5112,0.63%
10-Nov-15,1.5117,1.5112,1.5146,1.5089,0.01%
9-Nov-15,1.5115,1.5047,1.5128,1.5038,0.43%
6-Nov-15,1.505,1.5204,1.5221,1.5023,-1.03%
5-Nov-15,1.5206,1.5384,1.5402,1.5201,-1.15%
4-Nov-15,1.5383,1.5418,1.5444,1.5356,-0.25%
3-Nov-15,1.5421,1.5414,1.5448,1.5357,0.03%
2-Nov-15,1.5416,1.5449,1.5498,1.5401,-0.08%
30-Oct-15,1.5429,1.5309,1.5468,1.5302,0.77%
29-Oct-15,1.5311,1.526,1.5326,1.524,0.33%
28-Oct-15,1.5261,1.5297,1.5347,1.5245,-0.23%
27-Oct-15,1.5296,1.5352,1.536,1.528,-0.35%
26-Oct-15,1.535,1.5307,1.5382,1.5301,0.24%
23-Oct-15,1.5314,1.5392,1.542,1.5302,-0.52%
22-Oct-15,1.5394,1.5416,1.5509,1.5367,-0.16%
21-Oct-15,1.5419,1.544,1.548,1.5408,-0.14%
20-Oct-15,1.5441,1.5463,1.5505,1.5431,-0.16%
19-Oct-15,1.5466,1.5431,1.55,1.5425,0.20%
16-Oct-15,1.5435,1.5452,1.5487,1.5427,-0.14%
15-Oct-15,1.5457,1.5473,1.5513,1.5413,-0.13%
14-Oct-15,1.5477,1.5245,1.5498,1.5244,1.50%
13-Oct-15,1.5249,1.5347,1.5391,1.5198,-0.63%
12-Oct-15,1.5345,1.5318,1.5374,1.5309,0.27%
9-Oct-15,1.5304,1.5346,1.5384,1.5297,-0.29%
8-Oct-15,1.5349,1.5314,1.5377,1.5258,0.20%
7-Oct-15,1.5318,1.5224,1.5344,1.5218,0.60%
6-Oct-15,1.5227,1.5143,1.5248,1.5137,0.55%
5-Oct-15,1.5144,1.5177,1.5244,1.5134,-0.25%
2-Oct-15,1.5182,1.5126,1.5238,1.5123,0.35%
1-Oct-15,1.5129,1.5127,1.518,1.5106,0.00%
30-Sep-15,1.5129,1.5147,1.5214,1.5105,-0.15%
29-Sep-15,1.5151,1.5171,1.5208,1.5126,-0.15%
28-Sep-15,1.5174,1.5181,1.5243,1.5155,-0.05%
25-Sep-15,1.5182,1.524,1.5261,1.5133,-0.39%
24-Sep-15,1.5241,1.524,1.5289,1.5198,-0.03%
23-Sep-15,1.5246,1.5359,1.537,1.5218,-0.77%
22-Sep-15,1.5365,1.5502,1.5531,1.5338,-0.92%
21-Sep-15,1.5508,1.5533,1.5569,1.5478,-0.15%
18-Sep-15,1.5532,1.5588,1.5659,1.5512,-0.38%
17-Sep-15,1.5591,1.5488,1.5632,1.5484,0.63%
16-Sep-15,1.5493,1.534,1.5529,1.5327,0.98%
15-Sep-15,1.5342,1.5424,1.5457,1.5325,-0.54%
14-Sep-15,1.5426,1.542,1.5473,1.5371,-0.03%
11-Sep-15,1.543,1.544,1.5465,1.5398,-0.10%
10-Sep-15,1.5446,1.5364,1.5477,1.5336,0.51%
9-Sep-15,1.5368,1.5395,1.5409,1.5347,-0.18%
8-Sep-15,1.5396,1.5274,1.5413,1.5266,0.83%
7-Sep-15,1.527,1.5178,1.5289,1.5168,0.65%
4-Sep-15,1.5171,1.5255,1.5275,1.516,-0.56%
3-Sep-15,1.5257,1.5296,1.5315,1.5217,-0.29%
2-Sep-15,1.5301,1.53,1.5327,1.5263,-0.01%
1-Sep-15,1.5303,1.5342,1.5408,1.5297,-0.26%
31-Aug-15,1.5343,1.5393,1.5437,1.5335,-0.32%
28-Aug-15,1.5393,1.5399,1.5445,1.5333,-0.05%
27-Aug-15,1.54,1.5459,1.5509,1.5368,-0.38%
26-Aug-15,1.5459,1.5686,1.572,1.5449,-1.46%
25-Aug-15,1.5688,1.5776,1.582,1.5677,-0.56%
24-Aug-15,1.5776,1.5699,1.5803,1.5628,0.50%
21-Aug-15,1.5697,1.5685,1.5725,1.5655,0.06%
20-Aug-15,1.5688,1.5677,1.5702,1.5604,0.06%
19-Aug-15,1.5679,1.5656,1.57,1.5633,0.11%
18-Aug-15,1.5661,1.5586,1.5722,1.556,0.47%
17-Aug-15,1.5587,1.564,1.5692,1.5577,-0.38%
14-Aug-15,1.5646,1.5606,1.566,1.5586,0.22%
13-Aug-15,1.5611,1.5607,1.5639,1.5572,-0.03%
12-Aug-15,1.5615,1.5568,1.5661,1.5532,0.27%
11-Aug-15,1.5573,1.5586,1.5613,1.5552,-0.09%
10-Aug-15,1.5587,1.549,1.5605,1.5455,0.59%
7-Aug-15,1.5496,1.5508,1.5545,1.5422,-0.10%
6-Aug-15,1.5512,1.56,1.5638,1.5466,-0.58%
5-Aug-15,1.5602,1.5561,1.5653,1.5524,0.25%
4-Aug-15,1.5563,1.5586,1.5636,1.5554,-0.16%
3-Aug-15,1.5588,1.5623,1.5648,1.5562,-0.23%
31-Jul-15,1.5624,1.56,1.5679,1.5547,0.15%
30-Jul-15,1.5601,1.5595,1.5639,1.556,-0.02%
29-Jul-15,1.5604,1.5611,1.5692,1.5586,-0.04%
28-Jul-15,1.5611,1.5556,1.5629,1.5526,0.34%
27-Jul-15,1.5558,1.5508,1.5596,1.5489,0.28%
24-Jul-15,1.5514,1.5512,1.5527,1.5465,0.00%
23-Jul-15,1.5514,1.5614,1.5673,1.5498,-0.64%
22-Jul-15,1.5614,1.5557,1.5646,1.5544,0.36%
21-Jul-15,1.5558,1.556,1.5592,1.5527,-0.05%
20-Jul-15,1.5566,1.5607,1.563,1.5536,-0.28%
17-Jul-15,1.5609,1.5609,1.5672,1.5554,-0.01%
16-Jul-15,1.561,1.5637,1.5654,1.5557,-0.17%
15-Jul-15,1.5637,1.5632,1.5676,1.5575,0.01%
14-Jul-15,1.5636,1.5485,1.5644,1.5449,0.95%
13-Jul-15,1.5489,1.5503,1.5591,1.5477,-0.24%
10-Jul-15,1.5526,1.5379,1.5552,1.5361,0.95%
9-Jul-15,1.538,1.5358,1.5423,1.5341,0.12%
8-Jul-15,1.5361,1.5461,1.5468,1.5328,-0.65%
7-Jul-15,1.5462,1.56,1.561,1.5412,-0.93%
6-Jul-15,1.5607,1.5533,1.5634,1.553,0.23%
3-Jul-15,1.5571,1.5607,1.5646,1.5555,-0.24%
2-Jul-15,1.5609,1.5613,1.5641,1.556,-0.06%
1-Jul-15,1.5618,1.5708,1.5737,1.5589,-0.59%
30-Jun-15,1.571,1.5737,1.5778,1.569,-0.18%
29-Jun-15,1.5738,1.5692,1.5789,1.5664,-0.09%
26-Jun-15,1.5752,1.5744,1.5768,1.5706,0.03%
25-Jun-15,1.5747,1.5702,1.5773,1.5674,0.26%
24-Jun-15,1.5706,1.5727,1.5806,1.5666,-0.16%
23-Jun-15,1.5731,1.5819,1.5833,1.5704,-0.59%
22-Jun-15,1.5825,1.5867,1.5912,1.5803,-0.37%
19-Jun-15,1.5884,1.5879,1.5897,1.5833,0.02%
18-Jun-15,1.5881,1.5831,1.593,1.5803,0.30%
17-Jun-15,1.5833,1.5646,1.585,1.5623,1.18%
16-Jun-15,1.5649,1.5599,1.5657,1.5539,0.31%
15-Jun-15,1.5601,1.5561,1.5614,1.5485,0.27%
12-Jun-15,1.5559,1.5512,1.5602,1.5465,0.26%
11-Jun-15,1.5518,1.5526,1.5538,1.542,-0.08%
10-Jun-15,1.5531,1.5384,1.5554,1.5366,0.94%
9-Jun-15,1.5386,1.5348,1.5391,1.5256,0.23%
8-Jun-15,1.535,1.5259,1.5365,1.5219,0.51%
5-Jun-15,1.5272,1.536,1.5371,1.5188,-0.61%
4-Jun-15,1.5366,1.5339,1.5442,1.5302,0.16%
3-Jun-15,1.5341,1.5342,1.538,1.5249,-0.02%
2-Jun-15,1.5344,1.52,1.5368,1.5178,0.94%
1-Jun-15,1.5201,1.5291,1.5305,1.5168,-0.59%
29-May-15,1.5291,1.5314,1.5345,1.5234,-0.16%
28-May-15,1.5316,1.5354,1.5388,1.5259,-0.25%
27-May-15,1.5355,1.5383,1.5439,1.5299,-0.19%
26-May-15,1.5385,1.5465,1.5479,1.5352,-0.56%
25-May-15,1.5471,1.548,1.5512,1.5454,-0.12%
22-May-15,1.549,1.566,1.5691,1.5455,-1.10%
21-May-15,1.5662,1.5531,1.5701,1.552,0.80%
20-May-15,1.5537,1.5507,1.5591,1.547,0.17%
19-May-15,1.551,1.5647,1.5671,1.5445,-0.91%
18-May-15,1.5653,1.573,1.5751,1.5634,-0.45%
15-May-15,1.5723,1.5774,1.5809,1.5699,-0.34%
14-May-15,1.5776,1.5742,1.5817,1.5726,0.20%
13-May-15,1.5745,1.5664,1.577,1.5631,0.47%
12-May-15,1.5671,1.5584,1.5717,1.5554,0.54%
11-May-15,1.5587,1.5444,1.5614,1.5391,0.85%
8-May-15,1.5456,1.5244,1.5525,1.5242,1.38%
7-May-15,1.5246,1.5242,1.5276,1.5162,0.01%
6-May-15,1.5245,1.5177,1.5292,1.5148,0.41%
5-May-15,1.5183,1.5119,1.5219,1.5087,0.42%
4-May-15,1.512,1.5141,1.5176,1.5088,-0.14%
1-May-15,1.5141,1.5349,1.5398,1.5112,-1.37%
30-Apr-15,1.5351,1.5438,1.5492,1.5301,-0.58%
29-Apr-15,1.544,1.5338,1.55,1.5325,0.67%
28-Apr-15,1.5338,1.5237,1.5343,1.5174,0.66%
27-Apr-15,1.5238,1.5167,1.5266,1.5105,0.32%
24-Apr-15,1.5189,1.5053,1.5191,1.5025,0.87%
23-Apr-15,1.5058,1.5033,1.5071,1.4957,0.15%
22-Apr-15,1.5036,1.4921,1.5084,1.491,0.74%
21-Apr-15,1.4926,1.4903,1.4978,1.4853,0.13%
20-Apr-15,1.4906,1.4957,1.4986,1.4886,-0.37%
17-Apr-15,1.4962,1.4931,1.5055,1.4914,0.18%
16-Apr-15,1.4935,1.4838,1.4971,1.481,0.63%
15-Apr-15,1.4842,1.4776,1.4857,1.4699,0.42%
14-Apr-15,1.478,1.467,1.4805,1.4601,0.71%
13-Apr-15,1.4676,1.4632,1.4687,1.4563,0.31%
10-Apr-15,1.4631,1.4709,1.4727,1.4585,-0.56%
9-Apr-15,1.4714,1.4865,1.4888,1.468,-1.03%
8-Apr-15,1.4867,1.4803,1.4974,1.4801,0.40%
7-Apr-15,1.4808,1.4877,1.4922,1.4798,-0.49%
6-Apr-15,1.4881,1.4919,1.4983,1.4867,-0.27%
3-Apr-15,1.4921,1.4825,1.4945,1.4808,0.62%
2-Apr-15,1.4829,1.4821,1.487,1.4774,0.04%
1-Apr-15,1.4823,1.4815,1.4873,1.4737,0.03%
31-Mar-15,1.4818,1.4809,1.4873,1.4752,0.05%
30-Mar-15,1.481,1.4877,1.4903,1.4751,-0.45%
27-Mar-15,1.4877,1.4848,1.4924,1.4794,0.18%
26-Mar-15,1.485,1.4879,1.4995,1.4805,-0.21%
25-Mar-15,1.4881,1.4849,1.4955,1.4826,0.20%
24-Mar-15,1.4851,1.495,1.4986,1.4838,-0.68%
23-Mar-15,1.4952,1.4967,1.499,1.4837,0.01%
20-Mar-15,1.4951,1.4751,1.499,1.472,1.35%
19-Mar-15,1.4752,1.4976,1.5013,1.4685,-1.51%
18-Mar-15,1.4978,1.4743,1.5149,1.4632,1.58%
17-Mar-15,1.4745,1.4826,1.4845,1.4721,-0.57%
16-Mar-15,1.4829,1.4741,1.4854,1.4728,0.58%
13-Mar-15,1.4744,1.4882,1.4897,1.4697,-0.93%
12-Mar-15,1.4883,1.4926,1.5027,1.4847,-0.31%
11-Mar-15,1.4929,1.5065,1.51,1.4892,-0.94%
10-Mar-15,1.507,1.5128,1.5133,1.5027,-0.39%
9-Mar-15,1.5129,1.5038,1.5136,1.5023,0.61%
6-Mar-15,1.5037,1.5238,1.5257,1.5027,-1.34%
5-Mar-15,1.5241,1.5263,1.527,1.5213,-0.15%
4-Mar-15,1.5264,1.536,1.5373,1.5248,-0.63%
3-Mar-15,1.5361,1.5361,1.5399,1.5342,-0.02%
2-Mar-15,1.5364,1.5435,1.5445,1.5347,-0.45%
27-Feb-15,1.5434,1.5403,1.546,1.5381,0.18%
26-Feb-15,1.5406,1.5527,1.5553,1.539,-0.79%
25-Feb-15,1.5529,1.5451,1.5539,1.5442,0.48%
24-Feb-15,1.5455,1.5454,1.5475,1.54,-0.01%
23-Feb-15,1.5457,1.5393,1.5478,1.5329,0.37%
20-Feb-15,1.54,1.5411,1.5435,1.5341,-0.08%
19-Feb-15,1.5413,1.5432,1.5466,1.5401,-0.14%
18-Feb-15,1.5435,1.5352,1.5483,1.5339,0.53%
17-Feb-15,1.5354,1.536,1.5403,1.5314,-0.05%
16-Feb-15,1.5362,1.5397,1.5445,1.5335,-0.24%
13-Feb-15,1.5399,1.5382,1.5425,1.5369,0.09%
12-Feb-15,1.5385,1.5232,1.5416,1.5207,0.96%
11-Feb-15,1.5238,1.5249,1.5301,1.5216,-0.10%
10-Feb-15,1.5254,1.5213,1.5277,1.5195,0.26%
9-Feb-15,1.5215,1.5244,1.5272,1.5198,-0.20%
6-Feb-15,1.5246,1.5328,1.5354,1.5207,-0.53%
5-Feb-15,1.5328,1.5177,1.5347,1.5161,0.96%
4-Feb-15,1.5183,1.5166,1.5252,1.5135,0.11%
3-Feb-15,1.5167,1.5038,1.5196,1.4986,0.84%
2-Feb-15,1.504,1.5084,1.5101,1.5003,-0.19%
30-Jan-15,1.5069,1.5065,1.5097,1.4988,0.01%
29-Jan-15,1.5067,1.5133,1.5164,1.5015,-0.45%
28-Jan-15,1.5135,1.5196,1.522,1.5126,-0.41%
27-Jan-15,1.5197,1.5076,1.5223,1.5058,0.78%
26-Jan-15,1.508,1.4985,1.5104,1.4973,0.60%
23-Jan-15,1.499,1.5008,1.5037,1.4948,-0.13%
22-Jan-15,1.501,1.5141,1.5213,1.4969,-0.88%
21-Jan-15,1.5143,1.5143,1.5179,1.5074,-0.01%
20-Jan-15,1.5145,1.511,1.5201,1.5055,0.22%
19-Jan-15,1.5111,1.5167,1.518,1.5103,-0.26%
16-Jan-15,1.5151,1.5182,1.5236,1.5073,-0.22%
15-Jan-15,1.5184,1.5233,1.5269,1.5148,-0.32%
14-Jan-15,1.5232,1.5159,1.527,1.5142,0.48%
13-Jan-15,1.5159,1.5169,1.5192,1.5074,-0.08%
12-Jan-15,1.5171,1.5183,1.5194,1.5096,0.07%
9-Jan-15,1.516,1.5087,1.5176,1.5074,0.47%
8-Jan-15,1.5089,1.5108,1.5118,1.5032,-0.15%
7-Jan-15,1.5111,1.515,1.5156,1.5053,-0.26%
6-Jan-15,1.5151,1.5247,1.5274,1.5139,-0.65%
5-Jan-15,1.525,1.5331,1.5337,1.5199,-0.51%
2-Jan-15,1.5328,1.5582,1.5587,1.5325,-1.40%
1-Jan-15,1.5546,1.5575,1.558,1.5543,-0.19%
31-Dec-14,1.5575,1.5557,1.5621,1.5547,0.10%
30-Dec-14,1.5559,1.5513,1.5575,1.5498,0.29%
29-Dec-14,1.5514,1.5565,1.5588,1.5505,-0.27%
26-Dec-14,1.5556,1.5537,1.557,1.5535,0.12%
25-Dec-14,1.5538,1.5556,1.5567,1.5527,-0.13%
24-Dec-14,1.5559,1.5521,1.5566,1.5501,0.24%
23-Dec-14,1.5522,1.5588,1.561,1.5484,-0.44%
22-Dec-14,1.559,1.5618,1.5667,1.5571,-0.27%
19-Dec-14,1.5632,1.5668,1.5684,1.5602,-0.25%
18-Dec-14,1.5671,1.5573,1.568,1.5547,0.62%
17-Dec-14,1.5575,1.5748,1.5757,1.5543,-1.10%
16-Dec-14,1.5749,1.5636,1.5787,1.5608,0.72%
15-Dec-14,1.5637,1.5719,1.5747,1.5599,-0.53%
12-Dec-14,1.572,1.5731,1.5748,1.5692,-0.08%
11-Dec-14,1.5732,1.5714,1.5756,1.5649,0.10%
10-Dec-14,1.5716,1.5669,1.5721,1.5645,0.29%
9-Dec-14,1.5671,1.5652,1.5719,1.5624,0.11%
8-Dec-14,1.5653,1.5585,1.5682,1.5539,0.45%
5-Dec-14,1.5583,1.5672,1.5697,1.5567,-0.57%
4-Dec-14,1.5673,1.5685,1.5726,1.5641,-0.08%
3-Dec-14,1.5686,1.5636,1.5719,1.5618,0.32%
2-Dec-14,1.5636,1.5728,1.5744,1.5629,-0.60%
1-Dec-14,1.573,1.5648,1.5765,1.5585,0.52%
28-Nov-14,1.5649,1.5733,1.5743,1.5612,-0.55%
27-Nov-14,1.5736,1.5791,1.5828,1.5714,-0.35%
26-Nov-14,1.5792,1.5708,1.5807,1.5677,0.53%
25-Nov-14,1.5708,1.5707,1.5736,1.5647,0.02%
24-Nov-14,1.5705,1.5657,1.5715,1.5626,0.32%
21-Nov-14,1.5655,1.5691,1.5716,1.5625,-0.25%
20-Nov-14,1.5695,1.5681,1.5737,1.563,0.08%
19-Nov-14,1.5682,1.5629,1.5721,1.5588,0.31%
18-Nov-14,1.5634,1.5639,1.5681,1.5627,-0.04%
17-Nov-14,1.5641,1.5668,1.5737,1.5618,-0.19%
14-Nov-14,1.567,1.5709,1.5714,1.5591,-0.26%
13-Nov-14,1.5711,1.5779,1.5782,1.5692,-0.44%
12-Nov-14,1.5781,1.5919,1.5942,1.5774,-0.87%
11-Nov-14,1.5919,1.5841,1.5945,1.5832,0.49%
10-Nov-14,1.5842,1.5873,1.5919,1.5838,-0.20%
7-Nov-14,1.5874,1.583,1.5889,1.5788,0.27%
6-Nov-14,1.5832,1.5975,1.6003,1.5822,-0.91%
5-Nov-14,1.5977,1.6001,1.6023,1.5867,-0.16%
4-Nov-14,1.6003,1.5971,1.6017,1.5963,0.19%
3-Nov-14,1.5972,1.5975,1.602,1.5925,-0.16%
31-Oct-14,1.5998,1.5999,1.6017,1.5941,-0.01%
30-Oct-14,1.6,1.6012,1.604,1.5949,-0.07%
29-Oct-14,1.6011,1.6132,1.6163,1.6,-0.74%
28-Oct-14,1.6131,1.612,1.6182,1.6086,0.07%
27-Oct-14,1.612,1.6097,1.6147,1.6077,0.18%
24-Oct-14,1.6091,1.6028,1.61,1.6015,0.37%
23-Oct-14,1.6031,1.6049,1.6062,1.5993,-0.12%
22-Oct-14,1.6051,1.6109,1.6132,1.6009,-0.38%
21-Oct-14,1.6112,1.6162,1.6186,1.6108,-0.33%
20-Oct-14,1.6165,1.6094,1.6182,1.6077,0.43%
17-Oct-14,1.6095,1.6087,1.6127,1.6027,0.04%
16-Oct-14,1.6088,1.6021,1.6097,1.594,0.42%
15-Oct-14,1.6021,1.5901,1.6071,1.5873,0.74%
14-Oct-14,1.5904,1.6084,1.6103,1.5895,-1.13%
13-Oct-14,1.6085,1.6075,1.6128,1.6049,0.04%
10-Oct-14,1.6078,1.6118,1.6138,1.6006,-0.25%
9-Oct-14,1.6119,1.6168,1.6227,1.6102,-0.30%
8-Oct-14,1.6168,1.6094,1.6182,1.6029,0.45%
7-Oct-14,1.6096,1.6081,1.6131,1.6023,0.07%
6-Oct-14,1.6084,1.5957,1.61,1.5941,0.75%
3-Oct-14,1.5964,1.6143,1.616,1.595,-1.11%
2-Oct-14,1.6143,1.6184,1.6251,1.611,-0.27%
1-Oct-14,1.6186,1.6212,1.6253,1.616,-0.17%
30-Sep-14,1.6214,1.6239,1.6288,1.6164,-0.17%
29-Sep-14,1.6241,1.6244,1.6276,1.6213,-0.04%
26-Sep-14,1.6247,1.6317,1.6334,1.6235,-0.44%
25-Sep-14,1.6318,1.6339,1.6344,1.6274,-0.13%
24-Sep-14,1.634,1.6388,1.6416,1.6325,-0.29%
23-Sep-14,1.6388,1.636,1.6418,1.6301,0.17%
22-Sep-14,1.6361,1.6287,1.6369,1.6287,0.45%
19-Sep-14,1.6288,1.6399,1.6526,1.6282,-0.69%
18-Sep-14,1.6401,1.6275,1.6409,1.6244,0.77%
17-Sep-14,1.6276,1.6276,1.636,1.6247,-0.01%
16-Sep-14,1.6277,1.6231,1.6312,1.616,0.27%
15-Sep-14,1.6233,1.627,1.628,1.6218,-0.22%
12-Sep-14,1.6268,1.6253,1.628,1.6203,0.08%
11-Sep-14,1.6255,1.6211,1.627,1.6183,0.26%
10-Sep-14,1.6213,1.6105,1.6231,1.605,0.66%
9-Sep-14,1.6106,1.6104,1.6159,1.6057,0.01%
8-Sep-14,1.6105,1.62,1.6235,1.6097,-1.36%
5-Sep-14,1.6327,1.6331,1.6341,1.6282,-0.04%
4-Sep-14,1.6333,1.6459,1.6467,1.6327,-0.78%
3-Sep-14,1.6462,1.6469,1.6499,1.6437,-0.05%
2-Sep-14,1.647,1.6607,1.6617,1.6465,-0.82%
1-Sep-14,1.6607,1.6593,1.6644,1.6583,0.05%
29-Aug-14,1.6599,1.6585,1.6613,1.6561,0.08%
28-Aug-14,1.6586,1.6575,1.6613,1.6565,0.05%
27-Aug-14,1.6577,1.654,1.6605,1.6534,0.22%
26-Aug-14,1.654,1.6577,1.6595,1.6537,-0.24%
25-Aug-14,1.6579,1.6569,1.6598,1.6525,0.05%
22-Aug-14,1.6571,1.6577,1.6595,1.6559,-0.05%
21-Aug-14,1.658,1.6595,1.6601,1.6561,-0.10%
20-Aug-14,1.6596,1.6615,1.6678,1.6588,-0.13%
19-Aug-14,1.6617,1.6728,1.6728,1.6609,-0.66%
18-Aug-14,1.6728,1.6721,1.6739,1.671,0.19%
15-Aug-14,1.6697,1.6685,1.6701,1.6675,0.06%
14-Aug-14,1.6687,1.6688,1.6696,1.6654,-0.01%
13-Aug-14,1.6688,1.6811,1.6842,1.6683,-0.74%
12-Aug-14,1.6813,1.6786,1.6816,1.6754,0.15%
11-Aug-14,1.6787,1.6782,1.6795,1.6767,0.08%
8-Aug-14,1.6773,1.683,1.6834,1.6764,-0.36%
7-Aug-14,1.6833,1.685,1.6864,1.6821,-0.12%
6-Aug-14,1.6854,1.6885,1.6888,1.6819,-0.19%
5-Aug-14,1.6886,1.6862,1.6888,1.6843,0.14%
4-Aug-14,1.6863,1.6819,1.6863,1.6811,0.25%
1-Aug-14,1.6821,1.6885,1.6893,1.6814,-0.38%
31-Jul-14,1.6886,1.6913,1.6926,1.6855,-0.17%
30-Jul-14,1.6914,1.6943,1.6955,1.6887,-0.18%
29-Jul-14,1.6945,1.6982,1.6995,1.6931,-0.23%
28-Jul-14,1.6984,1.6971,1.7,1.697,0.06%
25-Jul-14,1.6974,1.6985,1.6998,1.6959,-0.07%
24-Jul-14,1.6986,1.7043,1.7053,1.6964,-0.34%
23-Jul-14,1.7044,1.7064,1.7095,1.702,-0.12%
22-Jul-14,1.7065,1.7076,1.7083,1.704,-0.06%
21-Jul-14,1.7075,1.7091,1.7099,1.7053,-0.08%
18-Jul-14,1.7088,1.7099,1.7117,1.7034,-0.08%
17-Jul-14,1.7101,1.7136,1.7143,1.7084,-0.22%
16-Jul-14,1.7138,1.7141,1.7151,1.7112,-0.03%
15-Jul-14,1.7143,1.7083,1.7191,1.7057,0.34%
14-Jul-14,1.7085,1.7116,1.7143,1.7068,-0.23%
11-Jul-14,1.7125,1.7131,1.7151,1.7097,-0.04%
10-Jul-14,1.7132,1.7156,1.7168,1.7102,-0.15%
9-Jul-14,1.7158,1.713,1.7161,1.7092,0.16%
8-Jul-14,1.7131,1.7125,1.7147,1.7082,0.02%
7-Jul-14,1.7127,1.716,1.7169,1.7106,-0.19%
4-Jul-14,1.716,1.7153,1.7179,1.7128,0.03%
3-Jul-14,1.7154,1.7165,1.7169,1.7104,-0.07%
2-Jul-14,1.7166,1.7148,1.7176,1.7138,0.09%
1-Jul-14,1.715,1.7106,1.7166,1.7093,0.26%
30-Jun-14,1.7106,1.7018,1.7115,1.7006,0.42%
27-Jun-14,1.7035,1.7024,1.7051,1.7005,0.05%
26-Jun-14,1.7027,1.6983,1.7039,1.6968,0.25%
25-Jun-14,1.6984,1.6984,1.7004,1.6949,-0.01%
24-Jun-14,1.6986,1.7027,1.7031,1.6963,-0.24%
23-Jun-14,1.7027,1.7012,1.7049,1.6999,0.09%
20-Jun-14,1.7012,1.7036,1.706,1.7,-0.17%
19-Jun-14,1.7041,1.6991,1.7062,1.6981,0.28%
18-Jun-14,1.6993,1.6964,1.7001,1.6924,0.16%
17-Jun-14,1.6966,1.6983,1.6989,1.6936,-0.11%
16-Jun-14,1.6984,1.6969,1.701,1.6958,0.11%
13-Jun-14,1.6965,1.6927,1.6992,1.692,0.22%
12-Jun-14,1.6928,1.6787,1.693,1.6783,0.83%
11-Jun-14,1.6788,1.6756,1.681,1.6737,0.19%
10-Jun-14,1.6756,1.68,1.6817,1.6741,-0.28%
9-Jun-14,1.6803,1.6794,1.6832,1.6781,0.00%
6-Jun-14,1.6803,1.6819,1.6844,1.6779,-0.11%
5-Jun-14,1.6821,1.6736,1.6824,1.672,0.50%
4-Jun-14,1.6737,1.6748,1.6768,1.6696,-0.07%
3-Jun-14,1.6749,1.6745,1.6781,1.6728,0.02%
2-Jun-14,1.6746,1.6759,1.677,1.6723,-0.04%
30-May-14,1.6752,1.6715,1.6777,1.6711,0.21%
29-May-14,1.6717,1.671,1.674,1.6691,0.04%
28-May-14,1.6711,1.6809,1.6815,1.6696,-0.59%
27-May-14,1.681,1.684,1.6881,1.678,-0.20%
26-May-14,1.6843,1.6833,1.6852,1.6824,0.07%
23-May-14,1.6832,1.6869,1.6875,1.681,-0.23%
22-May-14,1.687,1.6898,1.6916,1.6849,-0.19%
21-May-14,1.6902,1.6837,1.692,1.6829,0.38%
20-May-14,1.6838,1.6812,1.6863,1.68,0.15%
19-May-14,1.6813,1.6809,1.6844,1.6803,-0.02%
16-May-14,1.6816,1.6789,1.6838,1.6781,0.16%
15-May-14,1.6789,1.6765,1.6805,1.6729,0.14%
14-May-14,1.6766,1.6824,1.6874,1.6751,-0.36%
13-May-14,1.6826,1.6866,1.6882,1.6816,-0.25%
12-May-14,1.6868,1.6837,1.6903,1.6833,0.10%
9-May-14,1.6851,1.6933,1.6937,1.683,-0.48%
8-May-14,1.6933,1.6953,1.6975,1.6921,-0.12%
7-May-14,1.6954,1.6973,1.6986,1.6949,-0.14%
6-May-14,1.6978,1.6865,1.6996,1.6862,0.67%
5-May-14,1.6865,1.6867,1.6887,1.6852,-0.01%
2-May-14,1.6866,1.689,1.6896,1.682,-0.16%
1-May-14,1.6893,1.6872,1.6918,1.6867,0.12%
30-Apr-14,1.6873,1.6827,1.69,1.6804,0.27%
29-Apr-14,1.6827,1.6806,1.6847,1.6791,0.12%
28-Apr-14,1.6807,1.679,1.6856,1.6775,0.01%
25-Apr-14,1.6805,1.6803,1.6828,1.6788,0.00%
24-Apr-14,1.6805,1.6782,1.6806,1.6763,0.13%
23-Apr-14,1.6783,1.6821,1.6835,1.676,-0.24%
22-Apr-14,1.6824,1.6789,1.6839,1.6783,0.19%
21-Apr-14,1.6792,1.6785,1.6818,1.678,-0.09%
18-Apr-14,1.6807,1.6791,1.6807,1.677,0.08%
17-Apr-14,1.6793,1.6794,1.6841,1.6784,-0.03%
16-Apr-14,1.6798,1.6729,1.6818,1.6717,0.41%
15-Apr-14,1.673,1.6728,1.6748,1.668,0.01%
14-Apr-14,1.6729,1.6708,1.6744,1.6694,-0.02%
11-Apr-14,1.6733,1.6784,1.679,1.6716,-0.31%
10-Apr-14,1.6785,1.6793,1.682,1.6753,-0.05%
9-Apr-14,1.6793,1.6745,1.68,1.6722,0.27%
8-Apr-14,1.6748,1.6606,1.6754,1.6601,0.83%
7-Apr-14,1.661,1.6572,1.6623,1.6562,0.18%
4-Apr-14,1.658,1.6596,1.6605,1.6552,-0.11%
3-Apr-14,1.6599,1.6625,1.666,1.6568,-0.16%
2-Apr-14,1.6626,1.6625,1.6663,1.6617,-0.02%
1-Apr-14,1.6629,1.6659,1.6678,1.6616,-0.20%
31-Mar-14,1.6663,1.6648,1.6684,1.661,0.15%
28-Mar-14,1.6638,1.661,1.6651,1.6597,0.16%
27-Mar-14,1.6611,1.6582,1.6647,1.6553,0.15%
26-Mar-14,1.6586,1.6527,1.6597,1.6507,0.34%
25-Mar-14,1.6529,1.6496,1.6549,1.6479,0.19%
24-Mar-14,1.6498,1.6488,1.6536,1.6459,0.07%
21-Mar-14,1.6486,1.6504,1.652,1.6472,-0.12%
20-Mar-14,1.6505,1.6541,1.6568,1.6478,-0.22%
19-Mar-14,1.6542,1.6591,1.6653,1.6506,-0.31%
18-Mar-14,1.6593,1.6634,1.6647,1.6543,-0.26%
17-Mar-14,1.6637,1.6641,1.6665,1.6601,-0.05%
14-Mar-14,1.6646,1.6623,1.6648,1.6584,0.13%
13-Mar-14,1.6625,1.6617,1.6716,1.6604,0.03%
12-Mar-14,1.662,1.6614,1.6636,1.6566,0.02%
11-Mar-14,1.6617,1.6644,1.6653,1.6594,-0.17%
10-Mar-14,1.6646,1.6716,1.6746,1.662,-0.39%
7-Mar-14,1.6712,1.6739,1.6785,1.6705,-0.17%
6-Mar-14,1.674,1.6721,1.6775,1.6683,0.10%
5-Mar-14,1.6723,1.6663,1.6741,1.6654,0.35%
4-Mar-14,1.6664,1.6665,1.6716,1.6638,-0.02%
3-Mar-14,1.6667,1.6745,1.675,1.6652,-0.47%
28-Feb-14,1.6745,1.6684,1.6768,1.6674,0.34%
27-Feb-14,1.6688,1.6672,1.6697,1.6615,0.10%
26-Feb-14,1.6672,1.6677,1.6701,1.6619,-0.05%
25-Feb-14,1.6681,1.6654,1.6726,1.664,0.14%
24-Feb-14,1.6657,1.6619,1.6678,1.6581,0.24%
21-Feb-14,1.6617,1.6649,1.6724,1.661,-0.20%
20-Feb-14,1.665,1.6679,1.6697,1.6624,-0.19%
19-Feb-14,1.6681,1.6682,1.6733,1.6635,-0.02%
18-Feb-14,1.6684,1.6713,1.674,1.6653,-0.19%
17-Feb-14,1.6715,1.6743,1.6822,1.6693,-0.19%
14-Feb-14,1.6746,1.6657,1.6755,1.6641,0.52%
13-Feb-14,1.666,1.6593,1.6672,1.659,0.39%
12-Feb-14,1.6596,1.645,1.6599,1.6424,0.89%
11-Feb-14,1.645,1.6399,1.6487,1.639,0.30%
10-Feb-14,1.6401,1.6409,1.6427,1.638,-0.07%
7-Feb-14,1.6412,1.6322,1.6418,1.6298,0.55%
6-Feb-14,1.6322,1.6308,1.6348,1.627,0.08%
5-Feb-14,1.6309,1.6324,1.6341,1.625,-0.10%
4-Feb-14,1.6325,1.6305,1.6344,1.6255,0.12%
3-Feb-14,1.6305,1.6444,1.6445,1.6287,-0.80%
31-Jan-14,1.6436,1.6484,1.6497,1.6425,-0.30%
30-Jan-14,1.6485,1.656,1.6566,1.6443,-0.46%
29-Jan-14,1.6562,1.6575,1.6606,1.6524,-0.10%
28-Jan-14,1.6579,1.6584,1.6624,1.6534,-0.03%
27-Jan-14,1.6584,1.6481,1.6588,1.6472,0.61%
24-Jan-14,1.6483,1.6636,1.6667,1.6477,-0.93%
23-Jan-14,1.6637,1.6574,1.6643,1.6554,0.37%
22-Jan-14,1.6575,1.6473,1.6585,1.6448,0.60%
21-Jan-14,1.6476,1.6429,1.6485,1.6398,0.27%
20-Jan-14,1.6432,1.6419,1.6452,1.6394,0.05%
17-Jan-14,1.6424,1.6353,1.6457,1.6308,0.43%
16-Jan-14,1.6354,1.637,1.6381,1.6316,-0.10%
15-Jan-14,1.6371,1.6436,1.6443,1.6321,-0.43%
14-Jan-14,1.6441,1.6382,1.6463,1.6365,0.36%
13-Jan-14,1.6382,1.6479,1.6508,1.6346,-0.61%
10-Jan-14,1.6482,1.6479,1.6517,1.6399,0.01%
9-Jan-14,1.6481,1.6446,1.6495,1.6439,0.20%
8-Jan-14,1.6448,1.6402,1.6471,1.6375,0.27%
7-Jan-14,1.6403,1.6404,1.6438,1.6372,-0.01%
6-Jan-14,1.6405,1.6408,1.6433,1.6336,-0.07%
3-Jan-14,1.6417,1.6451,1.6474,1.6393,-0.22%