Date,vfinx,veurx,veiex,vbltx,vbisx,vpacx,UI_pct_chg,CRU_oil_chg,EUI_pct_chg,EURUSD_chg,GBPUSD_chg,ADVER_chg,Nasdaq_chg,USD/JYP_chg
1/3/14,-0.000355267,0.000323842,-0.006685013,0,0,0.000871829,0.002,-0.0155,-0.0055,-0.0061,-0.0022,-0.0002,-0.78,0.0009
1/6/14,-0.002487937,0.001618687,-0.008313581,0.00320257,0,-0.001742139,-0.0017,-0.0056,0.0014,0.0029,-0.0007,-0.0029,-0.0039,-0.0061
1/7/14,0.00605703,0.005817715,0.001197629,0.001596173,0.000953284,0.001745179,0.0021,0.0026,0,-0.0009,-0.0001,0.0041,0.0088,0.0038
1/8/14,0.000118076,-0.000642689,-0.00239235,-0.0023904,-0.00190485,0.000871069,0.0022,-0.0143,-0.0021,-0.0029,0.0027,-0.0037,0.0045,0.0023
1/9/14,0.000354093,0,-0.00679456,0.003993575,0,-0.001740623,-0.0002,-0.0073,0.0015,0.0024,0.002,-0.0091,-0.0048,-0.0003
1/10/14,0.00230088,0.009003194,0.009255535,0.009546474,0.001908485,0.003487407,-0.0048,0.0116,0.0025,0.0046,0.0001,0.0049,0.0039,-0.0065
1/13/14,-0.012478632,-0.005736107,-0.001993604,0.003940163,0.000952376,-0.004344086,-0.0017,-0.0099,-0.0006,0.0001,-0.0061,-0.0121,-0.0146,-0.011
1/14/14,0.010788564,0.009615379,0.009188975,-0.004709587,-0.00095147,-0.00087259,0.0019,0.0086,0.001,0.0005,0.0036,-0.0008,0.0183,0.0118
1/15/14,0.005189324,0.004761885,0.000791768,-0.000788602,0,0.002620055,0.0047,0.0171,-0.0034,-0.0054,-0.0043,0.0024,0.0069,0.0033
1/16/14,-0.001349355,0.000315964,-0.003560114,0.005524831,0,-0.002613208,-0.0015,-0.0022,0.0011,0.0011,-0.001,-0.0039,-0.0008,-0.0019
1/17/14,-0.003818331,-0.005685411,-0.005160854,0.002354837,0,0,0.0042,0.0044,-0.0063,-0.0058,0.0043,-0.0071,-0.0029,-0.0005
1/21/14,0.002771559,0.006670929,-0.000798002,0,0,0.002620055,-0.0016,0.0112,0.0004,0.0007,0.0027,-0.001,0.006,0.0013
1/22/14,0.000646878,-0.000946694,0.00638975,-0.002349304,-0.000952376,0.001742139,0.001,0.0183,-0.0014,-0.001,0.006,0.019,0.003,0.0019
1/23/14,-0.008874061,0.000315864,-0.014682555,0.009419088,0.001906567,-0.017391273,-0.0096,0.0061,0.0067,0.0109,0.0037,-0.0184,-0.0019,-0.012
1/24/14,-0.020871562,-0.0296811,-0.020942418,0.003110427,0,-0.017699082,0.0001,-0.007,-0.0009,-0.0012,-0.0093,-0.0086,-0.0226,-0.0094
1/27/14,-0.00484469,-0.005857472,-0.013163297,-0.005426327,0,-0.007207212,0.0009,-0.0095,-0.001,-0.0004,0.0061,-0.0109,-0.0083,0.0024
1/28/14,0.006146138,0.009492656,0.006252555,0.001558936,0,0.006352104,0.0006,0.0177,0.0003,-0.0002,-0.0003,-0.0004,-0.0006,0.0041
1/29/14,-0.010100388,-0.012321683,-0.009527713,0.00544744,0.000951568,-0.000901797,-0.001,-0.0005,-0.0008,-0.0004,-0.001,-0.0075,-0.008,-0.0065
1/30/14,0.01130327,0.000984922,0.00752825,-0.002322029,0,0.003610159,0.0076,0.0089,-0.005,-0.0078,-0.0046,0.0029,0.0084,0.0041
1/31/14,-0.006464523,-0.010495254,-0.004566243,0.00840991,0.001807464,-0.0143885,0.0026,-0.0075,-0.005,-0.0051,-0.003,-0.0049,0.0034,-0.0067
2/3/14,-0.022864058,-0.016241269,-0.018348582,0.008494306,0.000949729,-0.019160539,-0.0036,-0.0109,0.0018,0.0028,-0.008,-0.0327,-0.0239,-0.0102
2/4/14,0.007716661,0.005390822,0.009345773,-0.006891289,0,-0.000930319,0.0014,0.0079,0.0002,-0.0004,0.0012,0.0183,0.0064,0.0065
2/5/14,-0.001729134,0.003016088,-0.004629663,-0.006939108,-0.000948828,0.001862272,-0.0011,0.002,0.0006,0.001,-0.001,0.0144,-0.0019,-0.0021
2/6/14,0.012929241,0.019044436,0.017758985,-0.002329227,0,0.01208183,-0.0016,0.0047,0.0046,0.0042,0.0008,0.0234,0.0121,0.0066
2/7/14,0.013313742,0.012786846,0.008309163,0.000778165,0,0.012855768,-0.003,0.0209,0.0023,0.0033,0.0055,0.009,0.0203,0.0023
2/10/14,0.001566992,-0.001618617,-0.007416582,0.003110409,0,-0.002719821,-0.0004,0.0018,0.0011,0.0008,-0.0007,0.0054,0.0055,-0.0009
2/11/14,0.011072397,0.013618697,0.014943997,-0.004651062,-0.000949632,0.01363629,-0.0004,-0.0012,-0.0007,-0.0005,0.003,0.0046,0.0099,0.0038
2/12/14,0.000238026,0.00287908,0.00204493,-0.003115339,0,0.0035874,0.0005,0.0043,-0.0043,-0.0032,0.0089,0.0055,0.0033,-0.0011
2/13/14,0.00589079,0.006379535,-0.000816329,0.005468774,0.000950534,-0.004468127,-0.0045,-0.0002,0.005,0.0063,0.0039,0.0076,0.0073,-0.0035
2/14/14,0.004909798,0.006339163,0.009803903,0.000777041,0,0,-0.0025,-0.0005,-0.0008,0.0009,0.0052,-0.0097,0.0027,-0.0036
2/18/14,0.001295038,0.005039358,-0.001618084,0.001552705,0.000949729,0.011669608,-0.0016,0.0183,0.0044,0.0036,-0.0019,0.0069,0.0028,0.0042
2/19/14,-0.006466817,-0.003760534,-0.004051874,-0.002325531,-0.000948828,-0.006211196,0.0017,0.0086,-0.0013,-0.0018,-0.0002,-0.0129,-0.0056,-0.0004
2/20/14,0.006213033,0.005347555,0.001220529,-0.001553996,0,-0.002678538,0.0016,-0.0038,-0.0005,-0.001,-0.0019,-0.0087,0.0047,-0.0006
2/21/14,-0.001764204,0.000625798,0.002437996,0.00311283,0,0.005371464,-0.0006,-0.007,0.0019,0.0015,-0.002,-0.0064,-0.0019,0.0025
2/24/14,0.006185588,0.00750474,0.002026737,-0.00077575,0,0.008904703,-0.0006,0.0061,-0.0009,-0.0004,0.0024,0.0122,0.0064,-0.0003
2/25/14,-0.001346578,-0.001551936,-0.007686039,0.006987596,0,-0.000882602,-0.0006,-0.0096,0,0.0007,0.0014,-0.0038,0.0001,-0.0026
2/26/14,0.000175873,-0.004040964,-0.00285372,0.003854994,0.000949729,-0.002650144,0.0036,0.0075,-0.0034,-0.0041,-0.0005,-0.0036,-0.004,0.0015
2/27/14,0.005099616,0.002809024,0.013900281,0.003840191,0,0.00177155,-0.0019,-0.0019,0.0009,0.0015,0.001,0.031,0.0076,-0.0024
2/28/14,0.002799302,0.006535907,0,0.004836134,0.000854638,0.00088407,-0.0073,0.0019,0.0042,0.0068,0.0034,0.0386,-0.0017,-0.0031
3/3/14,-0.007327681,-0.02597403,-0.01975805,0.004583627,0.000948798,-0.014134287,0.0046,0.0227,-0.0013,-0.0049,-0.0047,-0.0062,-0.0072,-0.0035
3/4/14,0.01523224,0.021269781,0.01522009,-0.010646303,-0.001895798,0.014336929,0.0011,-0.0152,0.0014,0.0006,-0.0002,0.0122,0.0131,0.0075
3/5/14,0.000173197,-0.000621579,0,0.000768579,0,-0.002650144,-0.0007,-0.0182,-0.0014,-0.0007,0.0035,-0.0122,0.0031,0.001
3/6/14,0.001903918,0.009020103,0.010129663,-0.006912405,0,0.012400387,-0.0056,0.0011,0.0096,0.0093,0.001,0.0036,-0.0017,0.0074
3/7/14,0.000575907,-0.008631266,-0.004412387,-0.00541385,-0.001899301,-0.003499611,0.0006,0.01,0.0016,0.0012,-0.0017,0.0028,-0.0048,0.002
3/10/14,-0.000402921,-0.004664226,-0.009669603,0.000777629,0,-0.007023618,0.0006,-0.0142,0.0003,-0.0001,-0.0039,-0.009,0.0009,-0.0001
3/11/14,-0.005066731,-0.004373572,-0.006102516,0.000777025,0,-0.005305159,-0.0005,-0.0108,-0.0013,-0.0012,-0.0017,-0.004,-0.0051,-0.0024
3/12/14,0.000578649,-0.003765321,-0.002865315,0.00465836,0.000951507,-0.008888873,-0.0015,-0.0204,0.0024,0.0031,0.0002,-0.0042,0.0049,-0.0024
3/13/14,-0.01156738,-0.018582692,-0.011494281,0.010046342,0.000950504,-0.010762293,0.0003,0.0021,-0.0035,-0.0024,0.0003,-0.0148,-0.015,-0.009
3/14/14,-0.002808633,-0.001283659,0.002491657,-0.000765051,0,-0.008159654,-0.0024,0.007,0.0024,0.0033,0.0013,0.0012,-0.0064,-0.0047
3/17/14,0.009564635,0.012853474,0.009113571,-0.006125597,-0.000949602,0.009140847,-0.0016,-0.0082,0.0011,0.0005,-0.0005,0.0158,0.0084,0.004
3/18/14,0.007265325,0.008248728,0.011494195,0.003081676,0.000950504,0.001811667,0.0029,0.0165,0.0005,0.0009,-0.0026,0.0045,0.0118,-0.0032
3/19/14,-0.006116543,-0.014159857,-0.009740242,-0.006144416,-0.0037987,-0.009041669,0.0074,0.0067,-0.0039,-0.0072,-0.0031,-0.006,-0.0053,0.0089
3/20/14,0.006038043,0.001595885,0,-0.001545559,0,-0.010948866,0.0027,-0.0094,-0.003,-0.0039,-0.0022,0.0042,0.0047,0.0006
3/21/14,-0.002932605,-0.001593342,-0.001639305,0.007739925,0,0.001844996,-0.0011,0.0003,0.001,0.0011,-0.0012,-0.0055,0.0097,-0.0013
3/24/14,-0.004882563,-0.001295765,0.011725937,0.005376343,0,0.005349486,-0.0022,0.0014,0.0025,0.0033,0.0007,-0.0074,-0.0331,-0.0002
3/25/14,0.00449769,0.012650007,0.010980087,-0.002291814,0,0.005504624,0.0001,-0.0041,-0.0009,-0.0009,0.0019,-0.0119,0.0035,0.0002
3/26/14,-0.006977942,-0.002242142,0.001608983,0.006891234,0.000953321,0.005474489,0.001,0.0108,-0.003,-0.0032,0.0034,-0.0012,-0.0141,-0.0022
3/27/14,-0.00175677,0.002889257,0.010040167,0.004562796,0,0.009981823,0.001,0.0102,-0.0032,-0.0031,0.0015,0.0064,-0.0052,0.0012
3/28/14,0.004692925,0.007362312,0.01232603,-0.004542072,-0.000952413,0.008984692,0.001,0.0039,0.0019,0.0009,0.0016,-0.005,0.0025,0.0063
3/31/14,0.007940687,0.005719755,0.009426596,0.002137135,0.002099677,0.005342868,-0.001,-0.0009,0.0011,0.0013,0.0015,-0.0126,0.0065,0.004
4/1/14,0.007125037,0.007898906,0.00739294,-0.006092948,0,0.003542982,0,-0.0181,0.0022,0.0017,-0.002,0.0029,0.0178,0.0041
4/2/14,0.002990937,-0.001253894,0.002703731,-0.003831364,-0.001904798,0.003530381,0.0015,-0.0012,-0.0013,-0.002,-0.0002,0.0055,0.0022,0.0023
4/3/14,-0.001089587,-0.002510969,-0.006163303,0.0038461,0,-0.001758935,0.0034,0.0067,-0.0021,-0.0034,-0.0016,0.0031,-0.0075,0.0004
4/4/14,-0.012515117,-0.001888043,-0.003875923,0.00536396,0.001908433,-0.003524252,-0.0009,0.0085,-0.0018,-0.0012,-0.0011,-0.0021,-0.0257,-0.0062
4/7/14,-0.010755135,-0.005044137,0.00739294,0.005335342,0.000952399,-0.005305075,-0.0026,-0.0069,0.0018,0.0028,0.0018,-0.0111,-0.0108,-0.0016
4/8/14,0.004055023,0.003168606,0.00772502,0.001516329,0,-0.000888895,-0.0066,0.0211,0.0005,0.004,0.0083,-0.0047,0.0084,-0.0126
4/9/14,0.01100374,0.013581806,0.010348806,-0.003027984,0.000951493,0.008896857,-0.0035,0.0101,0.0036,0.0043,0.0027,0.0018,0.0177,0.0017
4/10/14,-0.02084172,-0.015581167,-0.008346014,0.006833717,0.000950491,-0.019400389,-0.0013,-0.0019,0.002,0.0023,-0.0005,-0.0175,-0.0309,-0.0044
4/11/14,-0.009401126,-0.010129789,-0.003060431,0.00527901,0,-0.000899287,0.0009,0.0033,0.0003,-0.0002,-0.0031,-0.0028,-0.0103,0.0008
4/14/14,0.008177216,0.003837502,0.00345356,-0.002250483,-0.000949588,0.009901056,0.0036,0.003,-0.0009,-0.0046,-0.0002,0.007,0.0076,0.0023
4/15/14,0.006749155,-0.004141432,-0.011854672,0.004511199,0,-0.004456358,0.001,-0.0029,-0.0003,-0.0005,0.0001,-0.0048,0.0061,0.0009
4/16/14,0.010526272,0.009916834,0.002709003,0.000748558,-0.000950588,0.012533562,-0.0001,0.0001,0.0005,0.0001,0.0041,0.0524,0.0029,0.0029
4/17/14,0.001396681,0.004117853,0.00964875,-0.008227406,-0.000951493,0.000884179,0.0003,0.0052,0.0004,-0.0001,-0.0003,-0.009,0.0062,0.0016
4/21/14,0.003777278,0.000630869,0,-0.000754121,0,0.000883398,0.0016,0.0007,-0.0012,-0.0016,-0.0009,0.0013,0.0079,0.002
4/22/14,0.004110499,0.010403526,-0.002675825,0.002264152,0,0,-0.0004,-0.0215,0.0003,0.0009,0.0019,0,0.0095,0
4/23/14,-0.002075649,-0.003432103,-0.006132593,0.004518075,0,-0.002647855,-0.0007,-0.0068,0.0009,0.0009,-0.0024,-0.0171,-0.0085,-0.0008
4/24/14,0.001675487,0.002817728,0.000771314,0.001499197,0,-0.000884962,-0.0008,0.0049,0.0006,0.0012,0.0013,0.0039,0.0085,-0.0021
4/25/14,-0.008075178,-0.006556324,-0.012331478,0.000748558,0.000952399,-0.005314473,-0.0008,-0.0131,0.0001,0,0,-0.0136,-0.0151,-0.0015
4/28/14,0.003314485,0.004714023,0.003901713,-0.003739745,-0.000951493,0.001780956,-0.0008,0.0024,0.001,0.0012,0.0001,-0.0134,0.0029,0.0032
4/29/14,0.004752561,0.008445483,0.005441169,0,0.000952399,0.001777883,0.0015,0.0044,-0.0024,-0.0027,0.0012,-0.0024,0.0065,0.0014
4/30/14,0.002999563,0.006823752,-0.001546247,0.006478826,0.001809399,-0.00088741,-0.0044,-0.0152,0.0019,0.004,0.0027,0.0012,0.0027,-0.0037
5/1/14,-5.76E-05,0.000616163,0.00038715,0.00748508,0,0.004440527,0.0006,-0.0032,0.0001,0.0001,0.0012,-0.004,0.0038,0.0008
5/2/14,-0.001380284,-0.001847352,0.005804966,0.00520054,-0.000950554,0,-0.0003,0.0034,0,0.0001,-0.0016,0.0038,-0.0021,-0.0015
5/5/14,0.001958162,-0.000925304,-0.001154341,-0.004434475,0,-0.000884179,-0.0004,-0.0028,0.0009,0.0004,-0.0001,-0.0022,0.0032,-0.0005
5/6/14,-0.008967048,-0.001852354,0.00231131,0.003711937,0,-0.000884962,-0.005,0.0002,0.0013,0.0037,0.0067,-0.0024,-0.0111,-0.0044
5/7/14,0.006032092,0.004020953,0.006149131,-0.002218957,0.000951459,-0.004428728,0.0014,0.0128,-0.0006,-0.0011,-0.0014,-0.0113,-0.003,0.0023
5/8/14,-0.001095429,0.000308131,-0.000763989,-0.002965163,0.000950457,0,0.002,-0.0051,-0.0049,-0.0051,-0.0012,0.0031,-0.0008,-0.0026
5/9/14,0.001673837,-0.003695809,0.002675865,-0.002973981,0,0.003558743,0.0071,-0.0027,-0.0041,-0.0059,-0.0048,0.0079,0.003,0.002
5/12/14,0.009680163,0.007109859,0.01029357,-0.002982852,-0.000949554,0.003546123,0.0001,0.006,0.0001,-0.0002,0.001,0.0169,0.0168,0.0026
5/13/14,0.000684875,-0.002455576,0.002641494,0.005983552,0.000950457,0.00795049,0.003,0.011,-0.0033,-0.0039,-0.0025,0.0022,0.0003,0.0014
5/14/14,-0.004505323,-0.000307621,0.007527315,0.008921863,0.000949749,0,-0.0009,0.0066,0.0008,0.0008,-0.0036,-0.0071,-0.0035,-0.0036
5/15/14,-0.009223194,-0.004309129,-0.005976854,0.005158544,0,-0.002629198,-0.001,-0.0085,-0.0005,-0.0003,0.0014,-0.0078,-0.0092,-0.003
5/16/14,0.003758361,0.001236517,0.009019168,-0.002932555,0,0.002636129,0.0006,0.0051,-0.0015,-0.0012,0.0016,-0.0028,0.0055,-0.0006
5/19/14,0.003917013,-0.00123499,0.004096793,-0.005147164,0,-0.005258489,-0.0007,0.0058,0.0008,0.001,-0.0002,-0.001,0.0085,-0.0001
5/20/14,-0.006483848,-0.004327646,-0.010756657,0.001478238,0.000948751,-0.008810631,0.0005,-0.0017,-0.0007,-0.0004,0.0015,-0.007,-0.0046,-0.0018
5/21/14,0.00825878,0.008693044,0.008623921,-0.00442801,0,0.008888948,0.0007,0.0159,-0.0017,-0.0012,0.0038,-0.0034,0.0103,0.0005
5/22/14,0.002520348,-0.001846783,0.006691471,-0.001482541,-0.000947851,0.005286286,0.002,-0.0032,-0.0013,-0.0023,-0.0019,0.014,0.004,0.0035
5/23/14,0.004228033,0.000925051,0.004062036,0.002969485,0,0.007887871,0.0017,0.0059,-0.0003,-0.0016,-0.0023,0.0052,0.0074,0.0024
5/27/14,0.005974074,0.008009929,-0.009562348,0.005181373,0.000948751,0.004347855,-0.0005,-0.0016,-0.0004,-0.0008,-0.002,0.0116,0.0092,0.0004
5/28/14,-0.000961475,-0.003973156,0.002970653,0.008836535,0,-0.000865897,0.0026,-0.0134,-0.0023,-0.0032,-0.0059,-0.0158,-0.0014,-0.0015
5/29/14,0.005491403,0.003068398,0.001851144,-0.002919711,0,0.008665569,-0.001,0.0084,0.0006,0.0008,0.0004,-0.004,0.0052,-0.0004
5/30/14,0.001858015,0.000611796,-0.009977762,0.002717917,0.000948726,-0.001718225,-0.0017,-0.0084,0.0022,0.0021,0.0021,-0.0068,0,-0.0002
6/2/14,0.000842944,0,0.002986177,-0.005860795,-0.000947827,0.005163546,0.0036,-0.0023,-0.0012,-0.0025,-0.0004,-0.001,-0.0021,0.006
6/3/14,-0.000336897,-0.00275143,0.004838075,-0.009579969,-0.000948824,0.00085608,-0.0012,0.0019,0.0022,0.0022,0.0002,0.0016,0.0009,0.0011
6/4/14,0.002022134,-0.001226152,-0.003703698,-0.000744036,0,0.002566403,0.0015,-0.0002,-0.0019,-0.0021,-0.0007,0,0.0034,0.0024
6/5/14,0.006614768,0.009208051,0.007806723,0.00074459,0,0.001706407,-0.0038,-0.0016,0.0031,0.0045,0.005,0.0182,0.0088,-0.0035
6/6/14,0.004789137,0.006082766,0.008852824,0,0,0.001703589,0.0004,0.0018,-0.0015,-0.0013,-0.0011,0.005,0.0058,0.0009
6/9/14,0.000942265,-0.001813845,0.005118799,0,-0.000949627,-0.001700692,0.0031,0.017,-0.0031,-0.0035,0,0.0048,-0.0011,0.0005
6/10/14,-0.000221532,0,0.006911629,-0.002976225,-0.00095053,-0.000851794,0.0021,-0.0006,-0.003,-0.0033,-0.0028,-0.0016,0.0018,-0.0017
6/11/14,-0.003433731,-0.006965434,-0.003251475,0.000746338,0.000951434,0.000852521,-0.0005,0.0005,-0.0015,-0.0012,0.0019,-0.0036,-0.0006,-0.0027
6/12/14,-0.006835591,0.000914863,-0.002174683,0.006711387,0,-0.000851794,-0.0027,0.0204,-0.0003,0.0015,0.0083,-0.0133,-0.0071,-0.0035
6/13/14,0.003133554,-0.001523431,0.001089692,-0.000740729,-0.00095053,0.003410083,0.0009,0.0036,-0.0009,-0.0008,0.0022,0.0016,0.0012,0.0034
6/16/14,0.000836696,-0.000915453,-0.003991252,0.001482557,0,-0.000849623,-0.0024,-0.0001,0.0022,0.0024,0.0011,0.0036,0.0009,-0.0023
6/17/14,0.002173666,0.000916292,-0.002550153,-0.005921529,-0.000951532,-0.002551037,0.0031,-0.0051,-0.0013,-0.0021,-0.0011,0.005,0.0001,0.0029
6/18/14,0.007730382,0.007323692,0.008400369,0.005212212,0.000952438,0.008525206,-0.0006,-0.0037,0.0031,0.0037,0.0016,0.0119,0.0064,-0.0022
6/19/14,0.001434931,0.002120688,-0.001448802,-0.008148104,0,0.009298279,-0.0033,0.0043,0.0018,0.0009,0.0028,0.0051,-0.0016,0.0002
6/20/14,0.001726586,-0.001511586,-0.001813544,0.005227702,0,-0.001674965,0.0005,0.0078,-0.0001,-0.0007,-0.0017,0.0025,0.0035,0.0014
6/23/14,-0.000110431,-0.002275901,-0.00322721,-0.002228792,0,-0.00295727,-0.0012,-0.0102,0.0002,0.0004,0.0009,0.0047,-0.0042,-0.0013
6/24/14,-0.006353992,-0.007398206,-0.000367931,0.008190573,0.000951434,-0.001694918,0.0006,-0.0013,0.0007,0,-0.0024,0.0016,0,0.0002
6/25/14,0.004893268,-0.002795058,0.00110416,0.001477162,0,0.001697796,-0.0015,0.0044,0.0019,0.0018,-0.0001,0.001,0.0053,-0.0009
6/26/14,-0.000996062,-0.001245744,0.002941203,0.004424791,0.00095053,0.00423734,0.0001,-0.0062,-0.0018,-0.0013,0.0025,0.011,0.0007,-0.0015
6/27/14,0.001938663,0.002806388,0.000366544,-0.002202689,0,-0.000843927,-0.0024,-0.0009,0.002,0.0027,0.0005,0.0128,0.0037,-0.0034
6/30/14,-0.00033168,0.000932791,0.001832161,0.005611372,0.000950601,0.001689192,-0.0035,-0.0035,0.0022,0.0032,0.0042,0.0011,0.0023,-0.0005
7/1/14,0.0068573,0.008077117,0.004754915,-0.006607954,-0.000949601,0.010117975,0.0004,-0.0003,-0.0007,-0.0009,0.0026,-0.0015,0.0115,0.002
7/2/14,0.000713958,0.000308109,0.005824513,-0.008130005,-0.000950601,0.001669539,0.0018,-0.0082,-0.0009,-0.0014,0.0009,0.0053,0.0013,0.0026
7/3/14,0.005488471,0.006161432,0.005067022,-0.002235477,-0.000951505,-0.000833378,0.0038,-0.004,-0.0015,-0.0036,-0.0007,0,0.0067,0.0039
7/7/14,-0.003930134,-0.011941178,0.001440341,0.004480892,0,-0.004170193,-0.0001,-0.0022,0.0006,0.0007,-0.0019,-0.0034,-0.0025,-0.0027
7/8/14,-0.006740442,-0.012705309,-0.000359558,0.008178522,0.000952411,-0.002512524,-0.0006,-0.0013,0.0004,0.0006,0.0002,-0.0121,-0.0105,-0.0026
7/9/14,0.004689685,0.0031387,0.000359687,0.000737413,0,0.000839676,-0.0022,-0.0107,0.0015,0.0024,0.0016,0.0023,0.0058,0.0006
7/10/14,-0.004118612,-0.012828547,0,0,0.000951505,-0.009228161,0.0016,0.0063,-0.0027,-0.0026,-0.0015,-0.0078,-0.003,-0.003
7/11/14,0.00154397,0.001901817,-0.00143827,0.003684585,0,0.001693395,0.0007,-0.0204,0.0002,-0.0001,-0.0004,0.004,0.0061,0.0005
7/14/14,0.004844958,0.006959772,0.006481818,-0.002936816,0,0.006762481,0,0.0008,0.0018,0.0008,-0.0023,0.0105,0.0056,0.0017
7/15/14,-0.001917658,-0.006283383,0.001788897,-0.001472733,-0.000950601,0,0.0027,-0.0094,-0.0032,-0.0035,0.0034,-0.0038,-0.0017,0.0014
7/16/14,0.00433681,0.010117027,0.002142821,0.003687223,0,0.003358529,0.0021,0.0124,-0.0033,-0.0035,-0.0003,0.0063,0.0026,-0.0001
7/17/14,-0.011751812,-0.013458553,-0.013185975,0.008817079,0.000951505,-0.006694573,-0.0006,0.0197,-0.0003,0.0001,-0.0022,-0.0025,-0.0119,-0.005
7/18/14,0.010232253,0.005393416,0.011917628,-0.002913365,-0.000950601,0.008424616,0.0002,-0.0006,0.0002,-0.0002,-0.0008,0.0032,0.014,0.0016
7/21/14,-0.002299468,-0.00599561,-0.001427565,0.002921878,0,-0.002506314,0.0005,0.0142,-0.0002,-0.0001,-0.0008,-0.0049,-0.0011,0.0007
7/22/14,0.005048555,0.006984109,0.011079398,0.002185004,0.000951505,0.005025222,0.0029,-0.0016,-0.0039,-0.0043,-0.0006,-0.0159,0.0063,0.0007
7/23/14,0.001747242,0.000945796,0.002827843,-0.000726773,0,0.003333339,0.0007,-0.0124,0.0001,0,-0.0012,-0.0027,0.0063,0.0001
7/24/14,0.000490524,0.004724411,0.003172293,-0.005090876,-0.000950601,-0.004152875,0.0005,-0.0102,0.0007,-0.0001,-0.0034,0.0004,-0.0009,0.0033
7/25/14,-0.004848547,-0.008150479,-0.00421641,0.008040939,0,0.00166806,0.002,0.0002,-0.0021,-0.0024,-0.0007,0.0008,-0.0041,0.0003
7/28/14,0.000273731,-0.001896308,0.00211715,-0.001450306,0,0.006661128,0,-0.0041,0.0011,0.0006,0.0006,-0.0014,0.0011,0.0002
7/29/14,-0.004487782,-0.00253327,-0.004929568,0.002904902,0,-0.000827174,0.0023,-0.0069,-0.001,-0.0022,-0.0023,-0.0014,-0.002,0.0027
7/30/14,0.000219947,-0.002857137,-0.001061609,-0.011585875,-0.000951505,0.003311265,0.0026,-0.0069,0.0006,-0.001,-0.0018,-0.0108,0.0041,0.0066
7/31/14,-0.019896641,-0.017191943,-0.017357406,0.001249738,0.000953289,-0.014851513,0,-0.0209,-0.0001,-0.0006,-0.0017,-0.0194,-0.0211,0
8/1/14,-0.002860082,-0.007774602,-0.000360503,0.004405312,0.00190486,-0.001674958,-0.0017,-0.003,0.0027,0.0031,-0.0038,0.0032,-0.003,-0.0017
8/4/14,0.00714248,0.002611806,0.012982374,-0.002923968,0,0.005033479,0.0004,0.0042,-0.0005,-0.0007,0.0025,0.0119,0.0061,-0.0004
8/5/14,-0.009604651,-0.008140674,-0.012459981,0.002199387,0,-0.014190214,0.0025,-0.0093,-0.0033,-0.0034,0.0014,-0.0037,-0.0064,0
8/6/14,0.000338282,-0.004267846,-0.001081509,-0.000731546,0,-0.000846786,-0.0012,-0.0047,-0.0001,0.0004,-0.0019,-0.0128,-0.0008,-0.0047
8/7/14,-0.005298179,-0.009561452,-0.009743705,0.00658858,0.000950473,-0.005932258,0.0012,0.0043,-0.0012,-0.0014,-0.0012,-0.0074,-0.0031,0
8/8/14,0.011502713,0.004660412,0.007653027,-0.002181792,-0.000949571,0.000852561,-0.002,0.0032,0.0037,0.0036,-0.0036,0.0159,0.0043,-0.0005
8/11/14,0.002969016,0.004970181,0.011211554,0,0.000950473,0.003407161,0.001,0.0044,-0.002,-0.0019,0.0008,0.0091,0.0081,0.0013
8/12/14,-0.001619711,-0.000989141,0.000357666,-0.004373204,-0.000949571,0.001697796,0.0004,-0.0072,-0.0012,-0.0011,0.0015,-0.0041,-0.0004,0.0007
8/13/14,0.006993005,0.003960411,0.00643547,0.004392412,0.000950473,0.008474504,0.0012,0.0023,0.0006,-0.0004,-0.0074,0.0026,0.0108,0.0017
8/14/14,0.004388851,0.004930968,0.00213144,0.005830886,0,0.003361351,-0.0001,-0.0206,-0.0001,0,-0.0001,0.0035,0.0056,0.0001
8/15/14,5.54E-05,-0.00065425,0.001772447,0.007971049,0.000949668,0,-0.0022,0.0185,0.0018,0.0026,0.0006,-0.0008,0.0043,-0.0008
8/18/14,0.008573027,0.007201325,0.005307858,-0.006470242,-0.000948767,0.00335009,0.002,-0.0097,-0.0015,-0.0027,0.0019,0.0047,0.0071,0.0021
8/19/14,0.005209745,0.002274957,0.005983799,-0.002894347,0,0.003338991,0.0038,-0.02,-0.0015,-0.0032,-0.0066,0.0025,0.0052,0.0033
8/20/14,0.002509503,-0.004863815,0.000699815,-0.001451336,-0.000949571,-0.001663897,0.0041,0.0168,-0.0024,-0.0045,-0.0013,0.0014,0.0013,0.0082
8/21/14,0.002993049,0.007494287,-0.000699325,0.005087174,0,0.000833292,-0.0009,-0.022,0.0012,0.0017,-0.001,0.0049,0.002,0.0008
8/22/14,-0.0018447,-0.005821497,-0.000349907,0.00433842,-0.000950668,-0.004163162,0.0021,-0.0033,-0.0022,-0.0029,-0.0005,0.0008,0.0018,0.0011
8/25/14,0.004783417,0.008458045,0.002450099,0.002879838,0,0.001672157,0.0025,-0.0032,-0.0009,-0.0038,0.0005,0.0054,0.0022,0.0012
8/26/14,0.00102779,0.003871016,0.003491634,-0.002153676,0,-0.000834683,0.0011,0.0055,-0.0012,-0.0018,-0.0024,0.0042,0.0022,0.0001
8/27/14,0.000270231,0.003855989,0.006263088,0.00647482,0.000951572,0.00083538,-0.0028,0.0002,0.0011,0.0018,0.0022,0.0025,0.0001,-0.002
8/28/14,-0.001566768,-0.006722127,-0.006915657,0.004288803,0,-0.003338905,0.0008,0.0071,-0.0008,-0.0008,0.0005,-0.0032,-0.0007,-0.0013
8/29/14,0.003409034,0.000966793,0.000348165,0.003356391,0.000951445,-0.001674958,0.0032,0.0149,-0.003,-0.0038,0.0008,0.0054,0.003,0.0035
9/2/14,-0.000539242,-0.001287824,0.003828777,-0.012811385,-0.000950638,0.002516739,0.0028,-0.0308,0.0025,0.0004,-0.0082,0.0044,0.0023,0.0069
9/3/14,-0.000593537,0.008704078,0.014216361,0.003604936,0,0.004184152,-0.0014,0.0286,0.0011,0.0014,-0.0005,-0.0017,-0.0049,-0.0026
9/4/14,-0.00151171,-0.00639182,-0.003076925,-0.009339121,0,-0.003333339,0.0113,-0.0114,-0.0125,-0.0157,-0.0078,-0.0074,-0.0006,0.0044
9/5/14,0.005028616,0.001929855,0.003086421,-0.001450309,0,-0.001672331,-0.0008,-0.0123,0.0007,0.0005,-0.0004,0.0111,0.0042,-0.0016
9/8/14,-0.00290522,-0.012520062,-0.006495742,-0.000726208,0,-0.005025048,0.0057,-0.0068,-0.0015,-0.0042,-0.0136,0.0036,0.0016,0.0088
9/9/14,-0.00652893,-0.000325104,-0.009291055,-0.001453548,-0.000951446,-0.007575815,0.0005,0.001,0.0033,0.0031,0.0001,-0.0074,-0.0066,0.0015
9/10/14,0.003747571,0.002926857,-0.007641594,-0.005094553,-0.000952449,0.005089156,0.0001,-0.0116,-0.0014,-0.0015,0.0066,-0.0192,0.0066,0.0061
9/11/14,0.001136341,-0.003242577,-0.004900235,-0.002926158,0,-0.006751067,0.0001,0.0127,0.0012,0.0007,0.0026,0.0078,-0.0005,0.0025
9/12/14,-0.005945338,-0.000325316,-0.011255709,-0.008804081,0,-0.005097715,-0.0007,-0.006,0.003,0.003,0.0008,-0.0108,-0.0052,0.0021
9/15/14,-0.000706856,0.000325422,-0.003201709,0,0,-0.002561962,0.0001,0.007,-0.0015,-0.0019,-0.0022,-0.0047,-0.0089,-0.0015
9/16/14,0.007508594,0.000975948,0.002498229,-0.002960734,0.000953357,0.003424664,-0.0002,0.0211,0.001,0.0015,0.0027,0.001,0.0081,-0.0005
9/17/14,0.001296139,-0.003574919,0,-0.002227224,-0.001904898,-0.010238838,0.0031,-0.0048,-0.0045,-0.0073,-0.0001,0.001,0.0016,0.0119
9/18/14,0.005069855,0.011415529,0.000356011,0.002232195,0,0.001724051,-0.0007,-0.0143,0.002,0.0044,0.0077,-0.0162,0.0077,0.003
9/19/14,-0.000506781,-0.005804568,-0.005693965,0.008908657,0,-0.001721084,0.0051,-0.0071,-0.0048,-0.0073,-0.0069,-0.0034,0.005,0.0031
9/22/14,-0.008035324,-0.003567995,-0.013600604,0.000735826,0.000954267,-0.005172513,0,-0.0096,0.0002,0.0016,0.0045,-0.0097,-0.0173,-0.0019
9/23/14,-0.005654067,-0.013306291,-0.007328677,0.004411711,0.000953357,-0.002089823,-0.0009,0.0004,-0.0003,-0.0002,0.0017,-0.0161,-0.0039,0.0005
9/24/14,0.007818524,0.004307464,0.008859347,-0.004392334,-0.000952449,0.007853385,0.0045,0.0135,-0.0039,-0.0052,-0.0029,0.0027,0.0126,0.0013
9/25/14,-0.016166634,-0.015506412,-0.020490253,0.007352931,0.000953357,-0.008658048,0.0016,-0.0029,-0.0021,-0.0023,-0.0013,-0.0075,-0.0196,-0.0026
9/26/14,0.00876756,0.003686368,0.008218102,-0.002919751,-0.000952449,0.005240253,0.0055,0.0109,-0.0028,-0.0052,-0.0044,0.0109,0.0095,0.0049
9/29/14,-0.002459809,-0.007011713,-0.01852536,0.003660356,0,-0.010425692,-0.0006,0.011,0.0005,0,-0.0004,0,-0.0025,0.0018
9/30/14,-0.002739875,-0.001681231,-0.003020017,-0.0010977,0.000954234,-0.005267857,0.0038,-0.0361,-0.004,-0.0042,-0.0017,-0.001,0.0023,0.0016
10/1/14,-0.013187586,-0.01145167,-0.01135929,0.013919396,0.001906551,-0.012356577,0.0003,-0.0047,-0.0012,-0.0006,-0.0017,-0.0158,-0.0154,-0.007
10/2/14,0.000111385,-0.0126065,-0.000383016,-0.005780295,0,-0.008042877,-0.0045,0.0031,0.0028,0.0036,-0.0027,-0.0037,-0.0011,-0.0043
10/3/14,0.01113524,-0.003450678,0.012260534,0.003633736,-0.00095151,0.004504432,0.0132,-0.014,-0.0068,-0.012,-0.0111,0.0178,0.0096,0.0125
10/6/14,-0.001541758,0.009349072,0.012490517,0.001448155,0.000952416,0,-0.009,0.0067,0.0073,0.0109,0.0075,0.0014,-0.0022,-0.0088
10/7/14,-0.015110606,-0.017838807,-0.003738329,0.010122965,0.00095151,-0.004484233,-0.003,-0.0165,0.0001,0.0013,0.0007,-0.0217,-0.0127,-0.0071
10/8/14,0.017806196,0.013272839,0.004878083,0,0.001901114,0.009008957,-0.0043,-0.0173,0.004,0.0051,0.0045,0.0096,0.0188,0.0005
10/9/14,-0.020630467,-0.025508428,-0.006721454,-0.003579113,-0.000948802,-0.020535606,0.0029,-0.0176,-0.0025,-0.0034,-0.003,-0.0245,-0.0149,-0.0022
10/10/14,-0.011347063,-0.016979127,-0.020300775,0.006465545,0.000949703,-0.013673717,0.0043,0.0006,-0.0044,-0.005,-0.0025,-0.0162,-0.0295,-0.0016
10/13/14,-0.01647724,0.001439338,0.006523408,0.004282598,0.000948802,-0.004620998,-0.0035,-0.0009,0.0067,0.0099,0.0004,-0.0107,-0.0141,-0.0075
10/14/14,0.001617555,0.000718653,0.003431216,0.003553676,0.000947902,0.003713979,0.0024,-0.0455,-0.0035,-0.0074,-0.0113,-0.0095,0.0035,0.0019
10/15/14,-0.008074802,-0.012208261,-0.012917973,0.003541092,0.001893816,0.000925035,-0.0081,-0.0007,0.0098,0.0141,0.0074,0.0403,-0.0157,-0.0106
10/16/14,0.000174432,-0.007633617,-0.008467999,-0.00493996,-0.000945118,-0.003696913,-0.0023,0.0112,-0.002,-0.0021,0.0042,0.0177,-0.0028,0.0039
10/17/14,0.012906237,0.021611726,0.011257698,-0.002836891,-0.000946012,0.003710631,0.002,0.0006,-0.0025,-0.0037,0.0004,0.0043,0.0167,0.0052
10/20/14,0.009183296,0.002868393,0.000383898,0.002133646,0.000946908,0.01386328,-0.002,-0.0005,0.0029,0.0028,0.0043,0.0078,0.0163,0.0007
10/21/14,0.019564366,0.014658563,0.00383731,-0.004968008,-0.000946012,0.004557906,0.0042,0.0012,-0.0052,-0.0066,-0.0033,0.0161,0.0273,0.0005
10/22/14,-0.007195895,-0.007047151,-0.004969375,0.000713194,0,-0.001815003,0.0053,-0.0277,-0.0037,-0.0052,-0.0038,-0.0086,-0.0056,0.0013
10/23/14,0.012304764,0.011355532,0.00115246,-0.006414853,-0.000947005,0.005454627,0.0012,0.0195,0.0012,-0.0002,-0.0012,0.0142,0.0142,0.0105
10/24/14,0.007048923,0.00210524,0.003453599,0,0,0.004520723,-0.0015,-0.0132,0.0012,0.0019,0.0037,0.002,0.0074,-0.001
10/27/14,-0.001488121,-0.004901919,-0.009942669,0.00071744,0,-0.000900057,-0.003,-0.0001,0.0014,0.0021,0.0018,0.0024,0.0009,-0.0032
10/28/14,0.011922526,0.014778309,0.02163004,-0.004301094,0,0.008108089,-0.0011,0.0052,0.0035,0.0028,0.0007,0.0177,0.0138,0.0032
10/29/14,-0.001309147,-0.008668517,0.001512253,0.000719945,-0.001895805,0.002681051,0.0067,0.0096,-0.0048,-0.008,-0.0074,-0.0023,-0.0053,0.0067
10/30/14,0.006281114,0.004197262,0.010192537,0.000719428,0,0.007130046,0.0022,-0.0131,-0.0012,-0.0015,-0.0007,0.0047,0.0042,0.0029
10/31/14,0.011723776,0.011842566,0.009715985,0.001226309,0.000950575,0.025663779,0.0092,-0.0071,-0.0018,-0.007,-0.0001,0.0074,0.0149,0.0286
11/3/14,-0.000107238,-0.012736617,-0.005921519,0,-0.000949576,-0.003451302,0.0045,-0.0219,0.0005,-0.0034,-0.0016,0.0064,0.0016,0.0153
11/4/14,-0.002843646,-0.002440723,-0.001116925,0,0,-0.012987072,-0.0037,-0.0202,0.004,0.005,0.0019,-0.0325,-0.0033,-0.0039
11/5/14,0.006080119,0.008388655,-0.006708928,-0.000720475,0,-0.005263055,0.0055,0.0193,-0.0034,-0.0048,-0.0016,0.0217,-0.0002,0.0092
11/6/14,0.004064656,-0.004159472,-0.011632248,-0.005046883,-0.000950575,-0.00793658,0.0064,-0.0098,-0.0058,-0.0089,-0.0091,-0.0008,0.0049,0.005
11/7/14,0.000532606,-0.001044157,-0.000379671,0.00724636,0.001902862,0,-0.0045,0.0095,0.0042,0.0064,0.0027,0.009,-0.0029,-0.0058
11/10/14,0.003194239,0.005226459,0.006076737,-0.007194228,-0.001899248,0.008000074,0.0021,-0.0159,-0.0019,-0.0026,-0.002,0.0048,0.0047,0.0028
11/11/14,0.0006899,0.006585812,-0.000755043,0,0,0.002645496,-0.0022,0.007,0.0042,0.0043,0.0049,0.0052,0.0031,0.008
11/12/14,-0.000424258,-0.01136369,0.000377807,-0.000724651,0,-0.001759041,0.0022,-0.0098,-0.0017,-0.0029,-0.0087,0.0057,0.003,-0.0026
11/13/14,0.000583591,0.003134798,-0.003021157,0.001450431,0.00095148,0.002643166,-0.0018,-0.0385,0.0037,0.003,-0.0044,-0.0011,0.0021,0.0023
11/14/14,0.000371112,0.002777759,0.004166699,0.002172303,0,0.002636198,-0.0018,0.0217,0.004,0.0038,-0.0026,-0.0002,0.004,0.0046
11/17/14,0.000795089,0.001038806,-0.009053176,-0.002890228,0,-0.011393548,0.0048,-0.0024,-0.0049,-0.0059,-0.0019,0.004,-0.0023,0.0032
11/18/14,0.005296048,0.012798367,0.00418724,0.000724728,0,0.006205721,-0.0042,-0.0136,0.0061,0.007,-0.0004,0.0042,0.0061,0.0019
11/19/14,-0.001422419,0.000683029,0.001137248,-0.005068886,0,-0.009691638,0.0008,-0.0004,0.0027,0.0014,0.0031,0.0034,-0.0034,0.0095
11/20/14,0.002004691,-0.003754237,0.001893209,0.003639002,0,-0.007117452,-0.0005,0.0134,-0.0009,-0.0012,0.0008,0.0009,0.005,0.002
11/21/14,0.005370423,0.008564578,0.018140646,0.005076161,0,0.008064497,0.0084,0.0123,-0.0107,-0.0119,-0.0025,0.0038,0.001,-0.0035
11/24/14,0.002880353,0.006793451,0.00222714,0.001443029,0.000950478,0.001777896,-0.0023,-0.0095,0.0052,0.0043,0.0032,-0.0028,0.0077,0.004
11/25/14,-0.001044373,0.004048609,-0.002962972,0.006484196,0,-0.000887371,-0.0028,-0.0223,0.0021,0.0025,0.0002,-0.0068,0.0025,-0.0026
11/26/14,0.003031898,0.003696242,0.005943555,0.002147423,0,0.002664292,-0.0035,-0.0054,0.0014,0.0026,0.0053,0.0074,0.0059,-0.002
11/28/14,-0.002501624,-0.006695689,-0.012186133,0.009673944,0.001901186,-0.007971729,0.0087,-0.035,0.0016,-0.0012,-0.0055,0,0.0025,0.008
12/1/14,-0.006791995,0,-0.019065421,-0.006387504,0,-0.00357139,-0.0049,0.0431,0,0.0014,0.0052,-0.0092,-0.0119,-0.0021
12/2/14,0.006470258,-0.001348207,-0.000762197,-0.007857103,-0.000948741,0.007168473,0.0082,-0.0307,-0.0036,-0.007,-0.006,0.0072,0.0044,0.007
12/3/14,0.004024484,-0.001012441,0.002288376,0.002159775,-0.000949642,-0.001779294,0.0033,0.0075,-0.0052,-0.0058,0.0032,0.007,0.0012,0.0049
12/4/14,-0.001145243,-0.003716222,-0.000761077,0.005747139,0.000950544,0,-0.0029,-0.0085,0.0051,0.0055,-0.0008,-0.0037,0.0007,-0.0002
12/5/14,0.001667665,0.005086449,-0.001523234,-0.004285761,-0.002849022,-0.00178265,0.0071,-0.0145,-0.0035,-0.0075,-0.0057,0.0051,-0.0001,0.0137
12/8/14,-0.007127965,-0.008434549,-0.01296724,0.007173655,0,-0.00892852,-0.0035,-0.0424,0.0001,0.0025,0.0045,0.0035,-0.0079,-0.006
12/9/14,-0.000262032,-0.008846567,-0.010819119,0.0021367,0.000952355,0.001801829,-0.004,0.0122,0.0028,0.0047,0.0011,-0.0048,0.0027,-0.0083
12/10/14,-0.016301501,-0.009612038,-0.01132814,0.004264439,0.000951546,-0.013489177,-0.0045,-0.0451,0.0033,0.0059,0.0029,-0.0077,-0.0149,-0.0157
12/11/14,0.004795701,-0.003119586,-0.00829708,0.001415394,-0.000950641,0.000911449,0.0044,-0.0162,-0.0012,-0.003,0.001,0.0171,0.0022,0.0073
12/12/14,-0.016174379,-0.020514607,-0.013545817,0.008480584,0.001902995,-0.010018129,-0.0038,-0.0357,0.0048,0.0041,-0.0008,-0.0202,-0.0111,0.0011
12/15/14,-0.006306589,-0.019879282,-0.018982225,-0.003503843,-0.00189938,-0.011039532,0.0026,-0.0329,-0.0002,-0.002,-0.0053,0.0025,-0.0061,-0.0082
12/16/14,-0.008462233,0.013400894,-0.011115698,0.006329109,0.000951546,0,-0.003,0.0004,0.0025,0.0059,0.0072,0.0015,-0.0186,-0.0121
12/17/14,0.020466569,0.006790589,0.017901782,-0.006988098,-0.001901186,0.00651158,0.0117,0.0097,-0.0084,-0.0134,-0.011,0.0085,0.0187,0.0193
12/18/14,0.02420097,0.022009258,0.02290387,-0.007741062,-0.000952452,0.012939004,0.0017,-0.0418,-0.0047,-0.0046,0.0062,0.0052,0.0246,0.0014
12/19/14,0.004578435,-0.007988953,-0.000399862,0.008510656,0,-0.00547444,0.004,0.0445,-0.0033,-0.0047,-0.0025,0.0063,-0.0016,0.0056
12/22/14,0.003876607,0.010101069,0.015982606,0.002321139,0.000286377,0.016320442,0.0012,-0.0223,0.0012,0.0002,-0.0027,-0.0006,0.0079,0.0047
12/23/14,0.00182639,-0.002090657,-0.004743015,-0.014736861,-0.001908311,-0.00456211,0.0042,0.0337,-0.0022,-0.0047,-0.0044,0.0037,-0.0032,0.0052
12/24/14,-0.000104118,0.001396691,-0.000794318,0.004273553,0,0.00091666,-0.0012,-0.0224,0.0013,0.0018,0.0024,0.0007,0.0011,-0.0016
12/26/14,0.003281876,0.001394671,0.002782199,0.002127609,0,0.005494454,0.001,-0.0213,-0.0029,-0.0038,0.0012,-0.0035,0.0046,0.0026
12/29/14,0.001038462,-0.003481858,0.004756256,0.006369499,0.00095598,-0.001821446,0.0021,-0.0205,-0.0005,-0.002,-0.0027,0.0017,0.0002,0.0022
12/30/14,-0.004772021,-0.009783381,-0.001577941,0.001406436,0.000955067,-0.010036511,-0.0024,0.0095,-0.0024,0.0005,0.0029,-0.0121,-0.0066,-0.0099
12/31/14,-0.010319466,-0.005292871,0.000395119,0.004649846,0.000955127,-0.004608268,0.0041,-0.0157,-0.0038,-0.0049,0.001,-0.0009,-0.0117,0.0018
1/2/15,-0.000210614,-0.004966343,-0.00315958,0.00841517,0.000954215,0.000925901,0.0081,-0.0344,-0.0036,-0.0083,-0.014,0.0024,-0.008,0.0059
1/5/15,-0.01822495,-0.029233493,-0.015847811,0.010431127,0.000953305,-0.011100918,0.0026,-0.0503,-0.0017,-0.0058,-0.0051,-0.0134,-0.0125,-0.0071
1/6/15,-0.008906076,-0.009548283,-0.00563608,0.011011681,0.000952398,-0.010289911,0.0013,-0.0422,-0.0038,-0.0037,-0.0065,0.0077,-0.0143,-0.0103
1/7/15,0.011963441,0.003707823,0.01740887,-0.001361414,0.000951491,0.010396894,0.004,0.015,-0.0023,-0.0041,-0.0026,0.015,0.012,0.0071
1/8/15,0.017866676,0.018840072,0.018702783,-0.008861652,-0.000950587,0.01309639,0.0053,0.0029,-0.0032,-0.0041,-0.0015,0.0098,0.0195,0.0034
1/9/15,-0.008408692,-0.006889094,-0.006250005,0.007565351,0.001902886,-0.003693441,-0.0049,-0.0088,0.0024,0.0042,0.0047,-0.0018,-0.0074,-0.0094
1/12/15,-0.008108959,0.001825521,-0.008254731,0.004095538,0.000949684,-0.002780279,0.0003,-0.0474,-0.0018,-0.0007,0.0007,-0.004,-0.0082,-0.0015
1/13/15,-0.00245788,0.004737586,0.005152628,-0.001359635,0,0.006505499,0.0035,-0.0039,-0.0053,-0.0052,-0.0008,0.0044,-0.0019,-0.0035
1/14/15,-0.005785001,-0.00362713,-0.001577319,0.004084458,0.000948783,-0.003693441,-0.0017,0.0564,-0.0006,0.0014,0.0048,0.0046,-0.0031,-0.0051
1/15/15,-0.009212899,0.010556977,0.00315954,0.011525413,0.002843555,0.004633988,0.0029,-0.046,-0.0213,-0.0135,-0.0032,-0.0027,-0.0136,-0.0099
1/16/15,0.01343122,0.007204572,0.00866149,-0.011394091,-0.002835492,0.008302552,0.003,0.0528,-0.0032,-0.0052,-0.0022,0.0055,0.011,0.0127
1/20/15,0.001556087,0.009299027,-0.004293556,0.009491562,0,-0.000914889,0.005,-0.0291,-0.0032,-0.0047,0.0022,0.0058,0.0093,0.0105
1/21/15,0.004821569,0.007441559,0.018816124,-0.00873072,0,0.004578727,-0.0022,0.03,0.003,0.0052,-0.0001,0.0025,0.0038,-0.0072
1/22/15,0.015301744,0.002462173,0.015005746,-0.002032544,-0.000947884,0.003646305,0.0131,-0.0308,-0.0179,-0.021,-0.0088,0.0086,0.0196,0.0046
1/23/15,-0.005513773,-0.003508771,-0.000379014,0.010183344,0.000948783,-0.002724817,0.0073,-0.0155,-0.0127,-0.0139,-0.0013,-0.0004,0.0005,-0.006
1/26/15,0.002587338,0.013028188,0.000379158,-0.002016152,-0.000947884,0.008196691,0.0006,-0.0097,0.0099,0.0028,0.006,0.0075,0.0005,0.0058
1/27/15,-0.013377535,-0.000347577,-0.005686113,0.001346746,0.000948783,0.000903411,-0.009,0.0239,0.0095,0.0126,0.0078,-0.0004,-0.0215,-0.005
1/28/15,-0.013452223,-0.014951333,-0.006862372,0.012104977,0.000947884,-0.000902596,0.0051,-0.0385,-0.0064,-0.0082,-0.0041,-0.0012,-0.0127,-0.0027
1/29/15,0.00963151,0.013413282,-0.00230325,-0.004651216,0,0.003613367,0.003,0.0018,0.005,0.0028,-0.0045,0.0025,0.0149,0.0063
1/30/15,-0.012969605,-0.014280729,-0.019238178,0.015133241,0.002843558,-0.009900913,-0.0001,0.0833,-0.0045,-0.0028,0.0001,-0.0085,-0.0106,-0.0071
2/2/15,0.01297714,0.009894043,0.010200101,-0.001978934,-0.000945165,0.011818149,-0.0028,0.0276,0.0043,0.0048,-0.0019,0.0036,0.0107,0.0012
2/3/15,0.014418968,0.022043361,0.014757237,-0.015201586,-0.000946059,0.001796898,-0.0107,0.0702,0.0094,0.0123,0.0084,0.0103,0.0073,-0.0002
2/4/15,-0.003857312,-0.009585735,-0.004209677,0.001342334,0,0.001793767,0.0048,-0.0867,-0.0111,-0.0118,0.0011,0.0002,-0.0029,-0.0025
2/5/15,0.010502842,0.010715511,0.007686351,-0.007372623,-0.000946955,0.008057359,-0.0047,0.0419,0.0096,0.0115,0.0096,0.0026,0.0103,0.0021
2/6/15,-0.003149636,-0.013679888,-0.011060216,-0.012153995,-0.003791507,-0.008881032,0.0119,0.024,-0.0097,-0.014,-0.0053,0.0007,-0.0047,0.0123
2/9/15,-0.004212684,-0.005547842,-0.003470883,-0.001367107,0,-0.004480352,-0.0028,0.0226,0.0001,0.0007,-0.002,-0.0089,-0.0031,-0.0029
2/10/15,0.010682122,0.009762877,-0.003095958,-0.005475698,0,0.006300741,0.0029,-0.0537,0,-0.0003,0.0026,0.0055,0.0147,0.0067
2/11/15,0.000313926,-0.005870115,-0.005822968,0.000688294,-0.00095146,-0.004472337,0.0025,-0.0236,0.0034,0.0011,-0.001,-0.0011,0.0048,0.0087
2/12/15,0.00988605,0.020145894,0.017571221,-0.002063317,0.000952366,0.004492428,-0.0094,0.0485,0.0038,0.0061,0.0096,0.0115,0.0112,-0.0113
2/13/15,0.004195358,0.004085752,0.010744454,-0.007581019,0,0.012522305,0.0008,0.0307,-0.0026,-0.0016,0.0009,0.0028,0.0074,-0.003
2/17/15,0.001702092,0.001356434,-0.001138965,-0.010416597,-0.00095146,0.004416935,-0.0014,-0.0015,0.0054,0.0052,-0.0005,0.0009,0.0023,0.0065
2/18/15,-0.000257472,0.003386316,0.001140264,0.004210542,0.000952366,0.009674597,0.0012,-0.026,-0.0019,-0.0012,0.0053,0.0097,0.001,-0.0039
2/19/15,-0.000875554,0.001012501,-0.002277891,-0.002795283,0,0.003484407,0.0024,-0.0188,-0.0012,-0.0028,-0.0014,0.001,0.0062,0.0013
2/20/15,0.006237391,0.010451778,0.002663627,0.002102357,-0.00095146,0.005208284,-0.0016,-0.016,0.0003,0.0013,-0.0008,0.0003,0.0056,0.0008
2/23/15,-0.000307364,-0.002669315,-0.004933656,0.008391566,0.000952366,-0.003454229,0.0034,-0.0177,-0.004,-0.0042,0.0037,-0.001,0.0015,-0.0018
2/24/15,0.002767207,0.005352953,0.008772018,0.011095693,0.001902921,0.005199347,-0.0011,-0.0034,0.0008,0.0007,-0.0001,0.0031,0.0013,0.0014
2/25/15,-0.00061322,0.001663928,-0.000756178,0.00342938,0,0.002586138,-0.0035,0.0347,-0.0002,0.0018,0.0048,-0.0079,-0.003,-0.001
2/26/15,-0.001278381,-0.004318984,-0.001135087,-0.00956939,-0.001899306,0.000859911,0.0118,-0.0553,-0.0111,-0.0143,-0.0079,0.0195,0.0056,0.0047
2/27/15,-0.002969646,0.001668369,-0.000378805,0.008444097,0.001809456,-0.001718256,-0.0002,0.033,-0.0007,-0.0002,0.0018,-0.0158,-0.0043,0.001
3/2/15,0.006162362,0.000333139,-0.001894627,-0.013040463,-0.00095061,0.001721213,0.0017,-0.0034,0.0028,-0.0011,-0.0045,0.0031,0.0078,0.0049
3/3/15,-0.004542435,-0.008991028,-0.005694748,-0.003477047,-0.000951515,-0.000859172,-0.0007,0.0188,-0.0014,-0.0007,-0.0002,0.0103,-0.0046,-0.0033
3/4/15,-0.004152983,-0.003360249,-0.008782026,0.00069785,0,-0.004299201,0.0061,0.02,-0.0071,-0.0087,-0.0063,0.0002,-0.0027,-0.0004
3/5/15,0.001235676,0.003371578,-0.003466833,-0.001394728,0.000952421,0.001727158,0.0042,-0.0149,-0.0033,-0.0043,-0.0015,0.0032,0.0012,0.0039
3/6/15,-0.014089604,-0.017137121,-0.010050234,-0.017458151,-0.002854544,-0.005172453,0.0126,-0.0227,-0.0121,-0.017,-0.0134,-0.0251,-0.01,0.0057
3/9/15,0.004068216,0.001367564,-0.006638054,0.007107386,0.000954238,-0.002599673,-0.0002,0.0079,0.001,0.0007,0.0061,-0.0002,0.0019,0.0026
3/10/15,-0.016934155,-0.02355753,-0.019654097,0.00846854,0.000953329,-0.016507394,0.0106,-0.0342,-0.0118,-0.0142,-0.0039,-0.0038,-0.0186,-0.0002
3/11/15,-0.001743739,0.001748215,0.002004779,0.004898554,0,0.003533566,0.0119,-0.0025,-0.011,-0.0141,-0.0094,0.0056,-0.0055,0.0026
3/12/15,0.012862628,0.006980838,0.00960387,-0.00069632,0.000952421,0.020246485,-0.0037,-0.0233,0.0074,0.0083,-0.0031,0.0113,0.0054,-0.0012
3/13/15,-0.006062206,-0.00658583,-0.013079695,-0.004181267,-0.000951515,-0.007765286,0.0091,-0.047,-0.0103,-0.0132,-0.0093,-0.0079,-0.0051,0.0007
3/16/15,0.013512762,0.01465459,0.006827333,0.005598358,0.000952421,0.008695689,-0.0083,-0.0214,0.0073,0.0071,0.0058,0.0097,0.0118,-0.0005
3/17/15,-0.003320186,-0.005158183,0.005983233,0.00487121,-0.000951515,0.000861958,0.0047,-0.0096,0.0038,0.0026,-0.0057,0.0015,0.0042,0.0002
3/18/15,0.012179947,0.02834426,0.017049966,0.014542933,0.00380949,0.017226604,-0.0117,0.0276,0.019,0.0254,0.0158,0.0091,0.0113,-0.0103
3/19/15,-0.004833914,-0.017479009,-0.005068177,-0.003412894,-0.00189742,-0.008467437,0.0081,-0.0157,-0.0155,-0.019,-0.0151,-0.0052,0.0005,0.0057
3/20/15,0.009003787,0.025316459,0.009404375,0.004794471,0.001901027,0.016225457,-0.0142,0.04,0.0112,0.0152,0.0135,0.0124,0.0085,-0.0064
3/23/15,-0.001749748,0.004671379,0.004658319,-0.000681677,0,0.005042056,-0.0089,0.0378,0.0086,0.0115,0.0001,-0.0054,-0.0068,-0.0025
3/24/15,-0.006031544,-0.001001685,0.001238036,0.006821345,0.000948806,-0.001925861,0.0015,0.0013,-0.0015,-0.0018,-0.0068,0.0005,-0.0017,0.0002
3/25/15,-0.014522084,-0.006350296,-0.010432697,-0.00677513,-0.000947907,-0.002516739,-0.0026,0.0358,0.0036,0.0042,0.002,-0.0112,-0.0238,-0.0021
3/26/15,-0.002368278,-0.010090764,-0.007419013,-0.011596194,-0.000948806,-0.007569352,0.0049,0.0451,-0.0068,-0.008,-0.0021,-0.0075,-0.0029,-0.0025
3/27/15,0.002532155,0.002038697,-0.002360326,0.008281592,0.000949707,0.002542332,-0.0016,-0.0498,0.0004,0.0005,0.0018,0.011,0.0035,-0.0005
3/30/15,0.01231326,0.0037301,0.016167195,-0.002737833,0,-0.000845295,0.0078,-0.0039,-0.0024,-0.0051,-0.0045,0.0044,0.0108,0.0079
3/31/15,-0.008680728,-0.015878412,0.001552179,0.005582764,0.002280101,-0.014382433,0.0039,-0.0222,-0.0087,-0.0095,0.0005,0.0047,-0.0098,0.0005
4/1/15,-0.003827859,0.00789569,0.012010885,0.00959558,0.000947897,0.001716799,-0.0019,0.0523,0.0024,0.0031,0.0003,0.0067,-0.0038,-0.0031
4/2/15,0.003526677,0.008514976,0.012633986,-0.007467712,-0.000946999,0.008568931,-0.0081,-0.019,0.0102,0.0111,0.0004,-0.0015,-0.0013,-0.0004
4/6/15,0.00660902,0.008105354,0.01247636,-0.003419986,0.001895698,0.012744236,0.0017,0.0611,-0.0046,-0.005,-0.0027,0.0012,0.0081,0.0047
4/7/15,-0.002032197,0.001340019,-0.001493678,0.0061771,-0.000946007,-0.000838913,0.0113,0.0353,-0.0066,-0.0098,-0.0049,-0.008,-0.0019,0.0063
4/8/15,0.003028413,0,0.020194523,0.000682131,0,0.010075578,0.0007,-0.066,-0.0041,-0.0033,0.004,0.0142,0.0094,-0.0012
4/9/15,0.004476839,0.00066913,0.011363595,-0.009543323,-0.000946999,0.002493811,0.0128,0.0073,-0.008,-0.0112,-0.0103,-0.0017,0.0056,0.0037
4/10/15,0.005182423,0.002674697,0.000362466,0.001376468,0,0.001658348,0.0021,0.0167,-0.0044,-0.0052,-0.0056,0.0015,0.0035,-0.0031
4/13/15,-0.004485515,-0.004668225,0.003985454,0.001374576,0,-0.006622496,0.0017,0.0052,-0.0042,-0.0034,0.0031,-0.0065,-0.0026,-0.0007
4/14/15,0.001605453,0.00804022,-0.003247842,0.004804411,0.000947897,0.008333371,-0.0083,0.0266,0.0049,0.0081,0.0071,0.0049,-0.0012,-0.0062
4/15/15,0.005170633,0.006314384,0.004706675,-0.000683063,0,0.001652782,-0.0041,0.0582,0.0009,0.0031,0.0042,-0.0013,0.0055,-0.002
4/16/15,-0.000771575,-0.000660512,0.010810792,-0.003417648,0.000946903,0.006600724,-0.0093,0.0057,0.0042,0.0069,0.0063,0.008,-0.0015,-0.0012
4/17/15,-0.011325596,-0.013218734,-0.016399257,0.00754454,0,-0.009836077,0.001,-0.0171,0.0045,0.0043,0.0018,-0.0106,-0.015,-0.0008
4/20/15,0.009268416,0.002009339,-0.006161656,-0.00612657,-0.000946007,0.001655687,0.0046,0.0115,-0.0047,-0.0065,-0.0037,-0.0035,0.0135,0.0024
4/21/15,-0.001496203,0.007352916,0.007293996,-0.002739665,0,0.008264415,0.0004,-0.0199,-0.0002,-0.0001,0.0013,0.0047,0.0048,0.0039
4/22/15,0.005115252,-0.000995302,0.009413387,-0.011675869,-0.000946999,0.006557356,-0.0006,0.0163,0,-0.0008,0.0074,0.0109,0.0038,0.0021
4/23/15,0.002467462,0.005645948,0.00645626,0.003474576,0.000947897,0.001628639,-0.007,0.0281,0.0068,0.0092,0.0015,0.0017,0.0082,-0.0028
4/24/15,0.00225631,0.005284029,0.00534566,0.004847737,0.000946903,0.006504128,-0.0036,-0.0102,0.0021,0.0044,0.0087,-0.001,0.0107,-0.005
4/27/15,-0.004144271,0.009198361,0.002481459,-0.000689254,-0.000946007,0.001615401,-0.0016,-0.0028,0.0011,0.0014,0.0032,-0.0146,-0.001,0.0005
4/28/15,0.002877093,-0.001953088,0.003536001,-0.011034454,-0.000946999,0.004838798,-0.0077,0.0012,0.0064,0.0084,0.0066,-0.0032,-0.0019,-0.0015
4/29/15,-0.003688531,-0.007501611,-0.009866055,-0.009762939,0,-0.009630829,-0.009,0.0266,0.0103,0.0138,0.0067,-0.0084,-0.008,0.0015
4/30/15,-0.010078112,-0.002300363,-0.009964437,0.003179087,9.48E-05,-0.017828249,-0.0064,0.0179,0.0091,0.0083,-0.0058,-0.0151,-0.016,0.0027
5/1/15,0.010907909,0.004611299,0.003594542,-0.010563326,-0.000948768,0.004950585,0.0077,-0.008,0.0015,-0.002,-0.0137,0.0045,0.0135,0.0068
5/4/15,0.002928821,-0.000983622,0.000716363,-0.007829259,0,0.000820921,0.0021,-0.0037,-0.0039,-0.0049,-0.0014,-0.0009,0.002,-0.0002
5/5/15,-0.011732203,-0.014112187,-0.00608447,-0.001434653,-0.000949573,-0.009844146,-0.0046,0.0249,0.0021,0.0036,0.0042,-0.0131,-0.0154,-0.0024
5/6/15,-0.004095352,0.008322227,-0.007202066,-0.012931102,0,-0.004142436,-0.0108,0.0088,0.0118,0.015,0.0041,0.027,-0.0078,-0.0032
5/7/15,0.004008143,-0.003631583,-0.009430534,0.009461439,0,-0.003327819,0.0062,-0.0327,-0.0068,-0.0078,0.0001,0.0061,0.0067,0.0022
5/8/15,0.013479839,0.024188199,0.015745145,0.002883937,0.001901046,0.012520925,0.0016,0.0076,-0.0066,-0.0055,0.0138,0.0029,0.0105,0.0007
5/11/15,-0.004910946,-0.00355874,-0.005046821,-0.018691613,-0.001897439,-0.009892839,0.0021,-0.0024,-0.0036,-0.0044,0.0085,-0.0039,-0.0039,0.0023
5/12/15,-0.002827487,-0.003896063,-0.003985529,0.000732643,0,0.002497879,-0.0052,0.0253,0.0039,0.0053,0.0054,0.003,-0.0024,-0.0018
5/13/15,-0.000154657,0.007822671,0.002182593,-0.005856546,0.000950475,0.009136237,-0.0103,-0.0041,0.0095,0.0128,0.0047,0.0093,0.0007,-0.0058
5/14/15,0.010879656,0.013260029,0.006896549,0.002209104,0.000949669,0.003292129,-0.0015,-0.0102,0.004,0.0046,0.002,0.0122,0.015,0.0001
5/15/15,0.000867118,-0.000319188,0.008291261,0.016164671,0.000948864,0.004922157,-0.0034,-0.0032,0.0038,0.0038,-0.0034,0.002,-0.0003,0.001
5/18/15,0.003108758,-0.005747149,-0.004290274,-0.012292145,-0.001895833,0.000816314,0.0117,-0.0044,-0.0085,-0.012,-0.0045,0.0108,0.0041,0.0059
5/19/15,-0.000457229,-0.001926746,-0.000359045,-0.007320607,-0.000949573,-0.00489397,0.0116,-0.0365,-0.0107,-0.0147,-0.0091,-0.0029,-0.0013,0.0058
5/20/15,-0.000813276,0.002895764,-0.002155154,0,0,-0.000819743,0.0016,0.03,-0.0042,-0.0051,0.0017,0,0.0009,0.0056
5/21/15,0.00249265,0.00513312,-0.003959705,0.010324461,0.000950475,0.00328141,-0.0019,0.0295,0.0002,0.0018,0.008,-0.0116,0.0052,-0.0026
5/22/15,-0.00223272,-0.010213844,0.003252611,-0.000729969,-0.000949573,0,0.0082,-0.0165,-0.0053,-0.0085,-0.011,-0.0021,0,0.0042
5/26/15,-0.010273122,-0.021928413,-0.011527353,0.012417851,0.000950475,-0.008176569,0.0135,-0.0303,-0.0055,-0.0095,-0.0056,-0.003,-0.0102,0.0128
5/27/15,0.009300637,0.014507107,0.001822123,0.001443009,0,0.001648778,0.0006,-0.009,0.0039,0.0029,-0.0019,0.0131,0.014,0.0045
5/28/15,-0.001120052,0.000649994,-0.014186949,-0.002881859,0,-0.005761309,-0.0042,0.003,0.0044,0.004,-0.0025,0.0005,0.0001,0.0023
5/29/15,-0.006269095,-0.01234169,-0.008118125,0.004059798,0.001996458,-0.004966893,-0.0007,0.0454,0.004,0.0036,-0.0016,-0.0082,-0.007,0.0015
6/1/15,0.002154171,-0.006247972,0.001116081,-0.008664306,-0.001897472,0.001663867,0.0049,-0.0017,-0.0001,-0.0055,-0.0059,0.0041,0.0023,0.0052
6/2/15,-0.000972428,0.009265393,-0.000371625,-0.010924984,-0.000950636,-0.004152843,-0.0163,0.0176,0.0165,0.0208,0.0094,-0.0025,-0.0041,-0.0054
6/3/15,0.00230531,0.009180367,-0.006691431,-0.011781994,-0.000951541,0.004170161,-0.0039,-0.0264,0.0095,0.0108,-0.0002,-0.0086,0.0054,0.0011
6/4/15,-0.008586721,-0.011371026,-0.010853258,0.008941848,0.000952447,-0.010797341,-0.0002,-0.0275,-0.0034,-0.0032,0.0016,-0.0051,-0.0068,0.001
6/5/15,-0.001443518,-0.016102539,-0.00340525,-0.009601188,-0.001902985,-0.005877406,0.0091,0.0195,-0.0069,-0.0112,-0.0061,-0.0053,-0.0033,0.01
6/8/15,-0.006298729,0.002004004,-0.002277885,-0.001491419,0,-0.005067573,-0.0108,-0.0167,0.0128,0.0161,0.0051,-0.0062,-0.011,-0.0091
6/9/15,0.000415659,-0.005000008,-0.006849334,-0.00672145,-0.000953355,-0.00764012,-0.0016,0.0344,-0.0013,-0.0008,0.0023,-0.0105,-0.0002,-0.0011
6/10/15,0.012100758,0.022780607,0.011111075,-0.007518772,0,0.013687045,-0.0055,0.0214,0.0004,0.0038,0.0094,0.0087,0.0129,-0.0134
6/11/15,0.002052517,0.001965243,-0.002273569,0.015909078,0.000954265,0.004219342,0.0035,-0.0107,-0.0049,-0.006,-0.0008,0.0022,0.0004,0.0061
6/12/15,-0.006913181,-0.009153323,0.000379811,0,-0.000953355,-0.005042023,0.0001,-0.0133,-0.0003,0.001,0.0026,-0.0133,-0.008,-0.0002
6/15/15,-0.00464082,-0.012207175,-0.009491245,0,0.000954265,0.000844668,0.0015,-0.0073,0.0047,0.0012,0.0027,-0.001,-0.0043,0.0002
6/16/15,0.005698625,0.002004004,0.001533102,0.005219929,0.000953258,-0.002531691,0.0014,0.0076,-0.0033,-0.0031,0.0031,0.0033,0.0053,-0.0005
6/17/15,0.002008963,0.000666677,0.00497518,-0.005192823,0.000952447,-0.002538117,-0.0081,-0.0008,0.005,0.0079,0.0118,0.0043,0.0005,0.0006
6/18/15,0.010024659,0.008327771,0.007235335,-0.002982839,0,0.003392739,-0.0026,0.0088,0.002,0.002,0.003,0.0071,0.0172,-0.0038
6/19/15,-0.005316638,-0.002312488,-0.008695713,0.008975288,0.000951541,-0.000845295,0.0003,-0.0139,-0.0017,-0.0006,0.0002,-0.0005,-0.0009,-0.0024
6/22/15,0.006064619,0.023841014,0.014874191,-0.014825748,-0.001901272,0.011844316,0.0027,0.0012,-0.0003,-0.0011,-0.0037,0.0008,-0.0002,0.0058
6/23/15,0.000715194,-0.001940455,0.004509544,-0.00526714,-0.00095235,0.009197264,0.0118,0.0223,-0.0118,-0.0151,-0.0059,-0.0147,0.0019,0.0046
6/24/15,-0.007299979,-0.006480913,-0.001122267,0.006051417,0.000953258,-0.006627983,-0.0023,-0.0121,0.0033,0.0033,-0.0016,-0.0137,-0.0056,-0.0008
6/25/15,-0.002931228,-0.000331096,-0.003324844,-0.003007509,-0.00095235,-0.001595351,-0.0003,-0.0095,-0.0008,-0.0003,0.0026,0.0085,-0.0014,-0.0019
6/26/15,-0.000206271,-0.000662478,-0.006444298,-0.008295638,0,-0.002523217,0.0027,-0.0012,-0.0028,-0.0034,0.0003,0.0077,-0.0064,0.0019
6/29/15,-0.020686146,-0.030162409,-0.02479969,0.017490555,0.001906613,-0.02360874,-0.0073,-0.0218,0.0208,0.0063,-0.0009,-0.0244,-0.0229,-0.0107
6/30/15,0.00273917,-0.009569403,0.017605667,-0.001124886,0.001047686,0.009499118,0.0075,0.0195,-0.0077,-0.0087,-0.0018,0.0068,0.0028,-0.0003
7/1/15,0.007196868,0.006211172,-0.001537894,-0.009759809,-0.001902916,0.00598806,0.0089,-0.0422,-0.0042,-0.0075,-0.0059,0.009,0.0072,0.0055
7/2/15,-0.00031293,-0.000342939,0.001925328,0.003032646,0.001906544,0.001700653,-0.0023,-0.0005,0.0032,0.0027,-0.0006,0,0.0015,-0.0009
7/6/15,-0.00386083,-0.021955377,-0.026133755,0.012093751,0.001902916,-0.015280067,0.002,-0.0539,0.0049,-0.0051,0.0023,-0.0009,0.0013,-0.0019
7/7/15,0.006075547,-0.009470384,-0.014996084,0.006721361,0,0.00258621,0.0062,-0.0038,-0.0019,-0.004,-0.0093,0.0024,-0.0001,-0.0002
7/8/15,-0.016346502,-0.007082115,-0.034855737,0.005934807,0.000949699,-0.036113538,-0.0063,-0.013,0.0045,0.0058,-0.0065,-0.009,-0.0171,-0.0151
7/9/15,0.002275773,0.016761754,0.020340408,-0.015486709,-0.0018975,0.01070474,0.0033,0.0219,-0.0031,-0.0035,0.0012,0.0026,-0.0016,0.0053
7/10/15,0.012303319,0.038582979,0.020748564,-0.01198512,-0.000950602,0.009708719,-0.0064,-0.0008,0.0104,0.0114,0.0095,0.0175,0.0158,0.0116
7/13/15,0.011162686,0.003039509,0.011558365,-0.002274426,-0.000951506,0.012237746,0.0086,-0.0102,-0.009,-0.0144,-0.0024,0.0012,0.0181,0.0056
7/14/15,0.004436422,0.007744082,-0.000393937,0.001519819,0.000952412,0.004317853,-0.0023,0.0161,-0.0006,0.0008,0.0095,0.0092,0.0066,-0.0005
7/15/15,-0.000719014,-0.003341128,-0.006306758,0.006828532,0,-0.001719751,0.0052,-0.0307,-0.0046,-0.0057,0.0001,-0.0093,0.0042,0.0032
7/16/15,0.008017668,0.008716042,0.007140053,0.005274999,0,0.00689059,0.0054,-0.0097,-0.0054,-0.0067,-0.0017,0.0092,0.0135,0.0031
7/17/15,0.001121712,-0.003323362,0.000393862,0.002998546,-0.000951506,0.000855462,0.0018,-0.0004,-0.0034,-0.0042,-0.0001,-0.0133,0.0114,-0.0006
7/20/15,0.00076391,0.001333825,-0.006692937,-0.002989581,-0.000952316,0,0.0017,-0.0145,0.0002,-0.0003,-0.0028,-0.0032,0.0046,0.0015
7/21/15,-0.004223929,-0.002331059,0.002378198,0.003748163,0.000953224,-0.000854731,-0.0074,0.0042,0.0083,0.0102,-0.0005,-0.0063,-0.001,-0.0031
7/22/15,-0.002299771,-0.008010693,-0.009094563,0.002987271,-0.000952316,-0.006843435,0.003,-0.0232,0,-0.0003,0.0036,0.0076,-0.0106,0.0006
7/23/15,-0.005583425,-0.000336477,-0.008778904,0.008935277,0.000953224,-0.003445339,-0.005,-0.015,0.0051,0.0044,-0.0064,-0.0063,0.0006,-0.0004
7/24/15,-0.010714483,-0.011780492,-0.016505645,0.000737999,0,-0.009507241,0.0012,-0.0064,0.0005,0.0002,0,-0.0029,-0.0126,-0.0008
7/27/15,-0.005779747,-0.00783383,-0.022103978,0.00294982,0.000952412,-0.006980869,-0.0076,-0.0156,0.0093,0.01,0.0028,0.0005,-0.0086,-0.0046
7/28/15,0.012359909,0.009955402,0.004604465,-0.006617651,0,0.007908621,0.0026,0.0124,-0.0028,-0.0032,0.0034,0.0128,0.0074,0.0025
7/29/15,0.007449573,0.004078898,0.009999984,-0.00222063,-0.000951506,0.005231043,0.0023,0.0169,-0.0054,-0.0066,-0.0004,0.0063,0.002,0.0031
7/30/15,0.000102644,-0.000338562,-0.004950445,0.005192975,0,-0.002601911,0.0063,-0.0055,-0.0045,-0.0048,-0.0002,0.0047,0.0066,0.0016
7/31/15,-0.002259127,0.006095453,0.004975074,0.009405243,0.002955586,0.0069565,-0.0026,-0.0289,0.0045,0.005,0.0015,0.0126,-0.0022,-0.0016
8/3/15,-0.002778963,0.002019576,-0.01113866,0.00733667,0,-0.006044853,0.0018,-0.0414,-0.0007,-0.0034,-0.0023,0.0043,-0.0026,0.0007
8/4/15,-0.002218976,-0.003359119,0.00250321,-0.007283235,-0.001901226,0.004344112,0.0041,0.0126,-0.0047,-0.0064,-0.0016,-0.0008,-0.0046,0.0029
8/5/15,0.003516902,0.007077858,0.002912985,-0.005869441,-0.000952376,0.000864906,0.0001,-0.0129,0.0023,0.0023,0.0025,0.0098,0.0092,0.0041
8/6/15,-0.007473056,-0.001003992,-0.009543547,0.004428052,0.000953284,-0.006914413,-0.0012,-0.0109,0.0028,0.0017,-0.0058,-0.1071,-0.015,-0.0013
8/7/15,-0.002855974,-0.005360119,0.0004189,0.008816987,0,0.001740705,-0.003,-0.0177,0.0038,0.004,-0.001,0.0177,-0.0013,-0.0042
8/10/15,0.012810537,0.012125244,0.012144071,-0.009468198,-0.000952376,0.01216332,-0.0043,0.0248,0.0041,0.0046,0.0059,0.0103,0.0104,0.0033
8/11/15,-0.009357845,-0.012978363,-0.016963186,0.011029393,0.001906664,-0.018884083,0.0013,-0.0418,0.003,0.0019,-0.0009,0.0138,-0.0121,0.004
8/12/15,0.001193724,-0.009777438,-0.016414095,-0.005090931,0,-0.004374517,-0.0106,0.0051,0.0075,0.0106,0.0027,-0.0032,0.005,-0.0074
8/13/15,-0.001140489,0.002383373,-0.002567477,-0.003654965,-0.000951566,0,0.0017,-0.0247,-0.0009,-0.0007,-0.0003,0.0202,-0.0036,0.0017
8/14/15,0.003892463,-0.002377706,0.001287065,0.001467304,-0.000952376,0,0.0007,0.0064,-0.0039,-0.0039,0.0022,-0.0061,0.0032,-0.0009
8/17/15,0.005376663,-0.001361947,-0.008140569,0.002930383,0.000953284,0.000878765,0.0029,-0.0148,-0.0007,-0.0023,-0.0038,0.0103,0.0073,0.0006
8/18/15,-0.002416827,-0.004432297,-0.009935183,-0.005843642,0,-0.008779671,0.0027,0.0179,-0.0055,-0.0054,0.0047,-0.0062,-0.0045,0.0002
8/19/15,-0.008195862,-0.009589066,-0.011343802,0.006612759,0.001904848,-0.006200124,-0.0072,-0.0427,0.0073,0.0089,0.0011,-0.016,-0.0089,-0.0048
8/20/15,-0.021100758,-0.017980674,-0.01721094,0.005839452,-0.000950565,-0.024064197,-0.0038,0.0083,0.0098,0.011,0.0006,-0.0104,-0.0305,-0.0032
8/21/15,-0.031696319,-0.021830917,-0.026043995,0.001451406,0.001902843,-0.025570743,-0.0104,-0.0168,0.0095,0.0132,0.0006,-0.0173,-0.0379,-0.0112
8/24/15,-0.039423192,-0.0277178,-0.055786138,-0.00217388,0.000949758,-0.051546384,-0.0173,-0.0546,0.0149,0.0203,0.005,-0.0336,-0.047,-0.0296
8/25/15,-0.013471095,0.008515336,0.018554776,-0.011619533,-0.000948857,0.012845797,0.0126,0.028,-0.0063,-0.0089,-0.0056,-0.0149,0.0063,0.0039
8/26/15,0.039113548,0.004772441,0.022051722,-0.016899357,-0.001899229,0.039024368,0.0062,-0.0181,-0.012,-0.0175,-0.0146,0.0195,0.0462,0.0087
8/27/15,0.024388918,0.017172033,0.032363999,0.002242195,0,0.015023523,0.0055,0.1026,-0.0045,-0.0063,-0.0038,0.0101,0.0269,0.0093
8/28/15,0.000760989,-0.001436796,0.000908692,0.002982828,-0.000951566,0.003700313,0.0051,0.0625,-0.0053,-0.0059,-0.0005,0.0045,0.0012,0.0057
8/31/15,-0.008310245,-0.006474775,-0.002269667,-0.001715983,0.001048796,-0.012903302,-0.003,0.088,0.0013,0.0032,-0.0032,-0.015,-0.0141,-0.0041
9/1/15,-0.029521304,-0.024257767,-0.032302082,0.005231668,0.000952338,-0.040149376,-0.0042,-0.077,0.0065,0.0093,-0.0026,-0.0328,-0.0266,-0.0152
9/2/15,0.018454795,0.010389562,0.007052199,-0.005948018,0,0.017509747,0.0041,0.0185,-0.0065,-0.0082,-0.0001,0.0124,0.0245,0.008
9/3/15,0.001219024,0.003672419,0.004668558,0.004487707,0,-0.002868072,0.0061,0.0108,-0.0089,-0.0092,-0.0029,0.0086,-0.0072,-0.0021
9/4/15,-0.015275591,-0.021222088,-0.024163609,0.00670141,0.000951528,-0.022051766,-0.0019,-0.015,0.0018,0.0022,-0.0056,-0.0066,-0.0084,-0.009
9/8/15,0.025179832,0.027289686,0.017619077,-0.010354988,-0.001901151,0.023529338,-0.0026,0.0277,0.0019,0.003,0.0083,0.0178,0.0167,0.0044
9/9/15,-0.013815731,0.001091751,0.004679386,0.004484199,0,0.002873664,0.0002,-0.039,0.0014,0.0006,-0.0018,-0.0141,-0.0101,0.0058
9/10/15,0.00539249,0.003998549,0.002328914,-0.004464181,0,0,-0.0059,0.0401,0.0055,0.0065,0.0051,0.0017,0.0094,0.0008
9/11/15,0.004755325,-0.002534457,0.00185867,0.003736884,0.000952338,0.000955046,-0.0026,-0.0281,0.0041,0.0053,-0.001,0.0095,0.007,-0.0002
9/14/15,-0.00401745,-0.00798545,0.005102072,0.000744533,0,-0.001908367,0.0018,-0.0141,-0.0019,-0.0017,-0.0003,-0.0113,-0.0035,-0.0029
9/15/15,0.012819136,0.005122552,0.005537648,-0.014136827,-0.002854489,0.006692103,0.0044,0.0134,-0.0032,-0.0049,-0.0054,0.0034,0.0118,0.0017
9/16/15,0.008728808,0.015289411,0.0169802,-0.002264175,0,0.014245127,-0.0024,0.0574,0.0002,0.002,0.0098,0.0213,0.007,0.001
9/17/15,-0.002379592,0.00430266,0.000451271,0.010589973,0.003816912,-0.002809087,-0.0091,-0.0053,0.0101,0.0131,0.0063,0.0091,-0.0026,-0.0046
9/18/15,-0.01622999,-0.026776163,-0.009472268,0.011227588,0.000950528,-0.020657237,0.0034,-0.0473,-0.0097,-0.0115,-0.0038,-0.0028,-0.0112,0
9/21/15,0.004541133,0.000366841,-0.003187617,-0.011843053,-0.001899346,0.001917515,0.0108,0.0448,-0.0074,-0.0103,-0.0015,0.0055,0.0023,0.0046
9/22/15,-0.012293932,-0.032269915,-0.015532214,0.008239711,0.000951528,-0.011483267,0.0044,-0.0182,-0.0048,-0.0062,-0.0092,-0.0114,-0.017,-0.0033
9/23/15,-0.00200938,0.000378935,-0.016705264,-0.00074295,0,-0.009680586,-0.0025,-0.0295,0.0075,0.0059,-0.0077,-0.0009,-0.0011,0.0012
9/24/15,-0.003355739,-0.008330537,-0.002629725,0.003717435,0,-0.002745565,-0.0006,0.0097,0.0004,0.0039,-0.0003,-0.0123,-0.0039,-0.0018
9/25/15,-0.000505027,0.011507557,-0.00191757,-0.00740741,0,0.010816128,0.0029,0.0176,0.0025,-0.0031,-0.0039,-0.0017,-0.0077,0.0042
9/28/15,-0.025377601,-0.018581805,-0.020172928,0.010447796,0.000950528,-0.014591424,-0.0026,-0.0278,0.0028,0.0045,-0.0005,-0.0217,-0.0282,-0.0055
9/29/15,0.001325025,-0.000772753,0.004901975,0,0.000949625,-0.012833162,-0.002,0.018,0.0011,0.0004,-0.0015,-0.0019,-0.0049,-0.0016
9/30/15,0.019100173,0.020108256,0.023902452,-0.00037053,0.001044773,0.022000003,0.0051,-0.0031,-0.0067,-0.0064,-0.0015,0.0079,0.0217,0.0011
10/1/15,0.002032293,-0.001137198,0.001905694,0.002965184,0,0.007827754,-0.0016,-0.0078,0.0015,0.0016,0,-0.0027,0.0059,0.0007
10/2/15,0.014422523,0.014800754,0.018069417,0.004434627,0.001897571,0.011650434,-0.0037,0.0179,0.0009,0.0014,0.0035,0.0225,0.0176,-0.0003
10/5/15,0.018327241,0.019820491,0.021952311,-0.008094217,-0.000946988,0.021113346,0.0028,0.0158,-0.0014,-0.0023,-0.0025,0.0186,0.0117,0.0046
10/6/15,-0.003599499,0.009901015,0.003199356,0.003709192,0,-0.001879786,-0.0071,0.0491,0.0038,0.0078,0.0055,-0.0009,-0.0049,-0.0017
10/7/15,0.008429165,0.003267897,0.023690141,-0.001478133,-0.000947886,0.01600751,0.0002,-0.0148,-0.0038,-0.0032,0.006,0.0163,0.0078,-0.0019
10/8/15,0.008792854,0.008324357,0.005340478,-0.005921589,0,0.004633947,-0.0018,0.0339,0.0032,0.0038,0.002,0.01,0.0049,-0.0007
10/9/15,0.00075325,0.003948268,0.006197378,0.002978431,-0.000948785,0.005535031,-0.0056,0.004,0.0064,0.007,-0.0029,0.009,0.0034,0.0028
10/12/15,0.001290353,-0.002502683,0.002199809,0.005939097,0.000949686,0.000917474,-0.0012,-0.051,-0.0015,-0.0002,0.0027,-0.0016,0.0036,-0.0021
10/13/15,-0.006765519,-0.010752652,-0.015803362,0,0.000948785,-0.010082495,0.0002,-0.0093,0.0027,0.002,-0.0063,-0.0107,-0.0077,-0.0023
10/14/15,-0.004649152,0.002898531,0.001338108,0.00738006,0.000947886,-0.007407375,-0.0088,-0.0004,0.004,0.0083,0.015,-0.0063,-0.0034,-0.0077
10/15/15,0.014935907,0.012283263,0.019599047,-0.003662922,-0.000946988,0.026119381,0.005,-0.0056,-0.0079,-0.0079,-0.0013,0.0094,0.0197,0.0005
10/16/15,0.004548651,0,-0.001310545,0,0,0.000909133,0.0017,0.019,-0.0007,-0.0033,-0.0014,0.0079,0.0052,0.0046
10/19/15,0.000266372,-0.002141385,-0.001749848,-0.002205938,0,-0.004541352,0.0038,-0.029,-0.0017,-0.0017,0.002,-0.0002,0.0045,0.0005
10/20/15,-0.001437954,-0.002861211,-0.003067436,-0.00442148,-0.000947886,-0.005474521,-0.0001,-0.0074,0.0027,0.0016,-0.0016,0.0079,-0.0067,0.0028
10/21/15,-0.005706703,-0.002510762,-0.010549453,0.007401835,0.000948785,0.005504656,0.0014,-0.0077,0.0001,-0.0005,-0.0014,-0.0032,-0.0058,0.0009
10/22/15,0.016681869,0.006112922,0.012883105,0.00293904,0,0.012773758,0.0145,0.004,-0.0194,-0.0205,-0.0016,0.0084,0.0349,0.0062
10/23/15,0.011079487,0.009292361,0.006579032,-0.00586078,-0.000947886,0.010810762,0.0082,-0.0172,-0.0039,-0.0079,-0.0052,0.0033,0.0129,0.0065
10/26/15,-0.00198291,-0.003187001,-0.006100296,0.005895331,0,-0.003565047,-0.003,-0.0139,0.0027,0.0035,0.0024,-0.004,0.001,-0.0031
10/27/15,-0.002509653,-0.009946647,-0.006137606,0.001465214,0.000948785,-0.005366793,0.0004,-0.0177,-0.0013,-0.0007,-0.0035,-0.0044,0.0035,-0.0052
10/28/15,0.011898548,0.006458477,-0.003970011,-0.003657638,-0.002843562,0.001798644,0.009,0.0634,-0.0079,-0.0117,-0.0023,0.0019,0.009,0.0052
10/29/15,-0.000310789,-0.003208552,-0.015500464,-0.011747453,-0.000950589,-0.011669652,-0.0051,0.0026,0.0051,0.0052,0.0033,0.0002,-0.0026,0.0003
10/30/15,-0.004818942,0.000715339,-0.003148893,0.007902182,0.001047716,-0.001816614,-0.0035,0.0115,-0.0003,0.0026,0.0077,-0.0021,-0.004,-0.0042
11/2/15,0.011819244,0.008934947,0.010830328,-0.002958663,-0.000951551,0.004549617,-0.0002,-0.0097,-0.0001,0.0009,-0.0008,0.0105,0.0109,0.0011
11/3/15,0.002778743,-0.002125384,0.011160723,-0.005934658,0,0.003623172,0.0025,0.0381,-0.0041,-0.0044,0.0003,-0.0004,0.0038,0.0026
11/4/15,-0.003232873,-0.005324795,0.003090459,0.000746271,-0.000952361,-0.004512661,0.0081,-0.033,-0.0065,-0.0096,-0.0025,0.0105,-0.0005,0.0041
11/5/15,-0.000926729,-0.00285512,-0.002200644,-0.001491352,-0.000953269,0.003626457,0.0002,-0.0242,0.0031,0.0019,-0.0115,0.0151,-0.003,0.0016
11/6/15,-0.000257664,-0.007516145,-0.010586681,-0.011202494,-0.001908357,-0.004516646,0.0123,-0.0201,-0.0086,-0.013,-0.0103,-0.0062,0.0017,0.0116
11/9/15,-0.009587141,-0.0090155,-0.014712448,-0.004531657,0,-0.00907437,-0.0018,-0.0095,0.0014,0.001,0.0043,-0.0133,-0.0107,0.0002
11/10/15,0.00176951,-0.004002866,-0.007239821,0.001517377,0.000956003,0.002747194,0.0031,0.0078,-0.0024,-0.0027,0.0001,0.0146,-0.0021,-0.0004
11/11/15,-0.003272918,0.006211193,-0.002278972,-0.003030234,0,0.003652952,-0.0023,-0.029,0.0013,0.002,0.0063,0.0031,-0.0024,-0.0024
11/12/15,-0.013812127,-0.012708792,-0.004111473,0.005319085,0,-0.005459485,-0.0045,-0.0275,0.0036,0.0068,0.0012,-0.0063,-0.01,-0.0019
11/13/15,-0.011204536,-0.010297945,-0.014220182,0.003023516,0.00095509,-0.005489454,0.004,-0.0242,-0.0028,-0.0035,0.0001,-0.0081,-0.0182,0.0002
11/16/15,0.015073002,0.007432206,0.009306727,0,0,0.006439667,0.0044,0.0245,-0.0001,-0.0085,-0.0022,0.004,0.0128,0.0043
11/17/15,-0.001105823,0.00922172,0.002766194,0.000753505,0,0.000914119,0.0016,-0.0256,-0.0038,-0.004,0.001,0.0005,0.0021,0.0023
11/18/15,0.016288858,0.006578939,0.005057536,0.001506105,0,0.006392712,0.0005,0.002,0.0023,0.0014,0.0015,0.013,0.0182,0.0015
11/19/15,-0.001037383,0.007988363,0.008234231,0.005263095,0,0.006352105,-0.0069,-0.0052,0.0032,0.007,0.0035,-0.0031,0.0016,-0.0063
11/20/15,0.003946257,-0.006844388,0.009074344,-0.002243835,-0.000954179,0.006311919,0.0057,-0.0037,-0.0061,-0.0082,-0.0064,0.005,0.0063,0.0004
11/23/15,-0.001241302,-0.006891593,-0.005395662,0.002248881,0,-0.002688115,0.0024,0.0337,0.0006,-0.0009,-0.0044,0.0009,-0.0029,-0.0006
11/24/15,0.001242844,-0.006208888,-0.001356256,-0.000747945,0,0.005390812,-0.0027,0.0268,0.0002,0.0005,-0.0025,-0.0037,-0.0021,-0.0025
11/25/15,0,0.008820338,-0.004526948,0.00149701,0,-0.005361907,0.0024,0.004,-0.0015,-0.0013,0.0027,0.0009,0.0024,0.0016
11/27/15,0.000775763,0.005100147,-0.01728053,-0.000747386,0.00095509,-0.005390903,0.0024,-0.0207,0.0001,-0.0017,-0.0043,-0.001,-0.0031,0.0018
11/30/15,-0.004599478,0.001087398,-0.007866736,0.006303488,0.001050672,-0.009936677,0.0014,-0.0014,-0.0014,-0.0027,0.0013,-0.0009,-0.0029,0.0021
12/1/15,0.010747063,0.006516936,0.013526058,0.008948565,0.000954232,0.020072996,-0.0037,0.0048,0.0041,0.0064,0.0017,0.0062,0.0102,-0.0019
12/2/15,-0.010735547,-0.008273344,-0.008283493,0,-0.000953323,-0.010733405,0.0018,-0.0456,-0.0001,-0.0016,-0.0086,-0.006,-0.0046,0.0031
12/3/15,-0.014330935,-0.001813571,-0.005104334,-0.020694747,-0.001908369,-0.007233424,-0.0239,0.0285,0.0232,0.0307,0.013,-0.0132,-0.0178,-0.0052
12/4/15,0.020492016,0.003270382,0.002332026,0.006037723,0,0.008196732,0.0073,-0.027,-0.0023,-0.005,-0.0022,0.0019,0.0222,0.0046
12/7/15,-0.006917181,-0.003984091,-0.010702603,0.006751722,0.000956057,-0.010840061,0.0034,-0.058,-0.0022,-0.0046,-0.0039,0.0126,-0.0026,0.0017
12/8/15,-0.006445607,-0.014909081,-0.014581371,-0.001490329,0,-0.012785332,-0.002,-0.0037,0.0051,0.0054,-0.003,0.0041,-0.0029,-0.0037
12/9/15,-0.007690702,0.000738275,-0.006682615,-0.000746239,0,-0.005550485,-0.0116,-0.0093,0.0069,0.012,0.0115,-0.0017,-0.0152,-0.012
12/10/15,0.002372528,-0.004057534,-0.00624698,0,-0.000955144,0.00465119,0.0065,-0.0108,-0.0051,-0.0077,-0.0014,-0.0099,0.0061,0.0013
12/11/15,-0.019250939,-0.017037033,-0.028046393,0.009708727,0.002868074,-0.017592656,-0.0042,-0.031,0.0025,0.0046,0.0038,-0.0078,-0.0226,-0.0061
12/14/15,0.004826738,-0.008289394,0.010945214,-0.012573985,-0.002859872,0.006597664,-0.0008,0.0194,0.0012,0.0002,-0.0049,-0.0019,0.006,0.0014
12/15/15,0.010621294,0.013677834,0.015255904,-0.005243463,-0.000956057,-0.002809024,0.0084,0.0286,-0.0031,-0.0058,-0.0071,0.0193,0.0086,0.0054
12/16/15,0.014576148,0.011619168,0.013572496,-0.002259022,-0.000956972,0.022535207,-0.0042,-0.049,-0.0034,-0.0014,-0.0021,0.0154,0.0124,0.0044
12/17/15,-0.014887306,-0.00703969,0,0.009056623,0,-0.010101012,0.0147,-0.016,-0.0023,-0.0081,-0.0069,-0.0134,-0.0183,0.0028
12/18/15,-0.017895142,-0.008239663,-0.011817809,0.002991728,0.001915777,-0.00693919,-0.0059,-0.0063,0.0009,0.004,-0.0005,-0.0109,-0.0004,-0.0109
12/21/15,0.007898758,0.000377656,0.009236773,-0.000745682,0,0.008498621,-0.0036,0.0003,0.0035,0.0043,-0.0006,0.0234,-0.0029,-0.0002
12/22/15,0.00891038,0.005662506,0.003853558,-0.005157312,-0.001243671,0.006554242,-0.0013,0.0403,0.0029,0.0037,-0.004,-0.0003,0.0061,-0.0009
12/23/15,0.012502612,0.019144153,0.014875201,-0.005259279,0,0.01116284,0.0013,0.0376,-0.0041,-0.0041,0.0032,0.0034,0.0034,-0.0012
12/24/15,-0.001628911,0.000368336,-0.002836851,0.003776413,0,-0.007359737,-0.0036,0.016,0.0032,0.0058,0.003,0.0035,0.0009,-0.0041
12/28/15,-0.002157915,-0.002945528,-0.005215768,0.002257369,0,-0.002780364,-0.0007,-0.0339,0.0014,-0.0008,-0.0038,0.006,0.0006,-0.0001
12/29/15,0.010812827,0.011447558,0.003813149,-0.012012033,-0.001915649,0.015799326,0.0022,0.0288,-0.0036,-0.0046,-0.0044,0.003,0.0166,0.0005
12/30/15,-0.007148797,-0.008032092,-0.013770121,-0.000759889,0.000959663,-0.005489502,0.0018,-0.0335,0.0013,0.0015,0.0003,-0.0046,-0.0095,0.0004
12/31/15,-0.009407727,-0.011777702,0.001925803,0.007326058,0.00115184,-0.00643977,0.0041,0.012,-0.0057,-0.0067,-0.0052,-0.0015,-0.0125,-0.0017
1/4/16,-0.015067895,-0.018994422,-0.029312743,0.004545533,0.000958698,-0.016666647,0.0022,-0.0076,-0.0026,-0.0026,-0.0021,-0.0032,-0.0181,-0.0074
1/5/16,0.001993079,-0.005694752,0.000494962,-0.003016593,0,0.0037664,0.0054,-0.0215,-0.0057,-0.0078,-0.0031,0.0114,-0.0046,-0.0032
1/6/16,-0.012741223,-0.013745722,-0.013359687,0.009833552,0.001915752,-0.016885534,-0.0023,-0.0556,0.0024,0.0031,-0.0031,0.0035,-0.0083,-0.005
1/7/16,-0.023687686,-0.01471154,-0.032597748,0.000749026,0.000956044,-0.019083958,-0.0101,-0.0206,0.0108,0.0144,-0.0006,-0.0091,-0.0354,-0.0067
1/8/16,-0.010820388,-0.012966581,-0.002073661,0.002245548,0,-0.01264597,0.0034,-0.0033,0.0011,-0.0004,-0.0067,0.0047,-0.0065,-0.002
1/11/16,0.000789395,0,-0.015064973,-0.008961916,0,0,0.0018,-0.0528,-0.0057,-0.0066,0.0017,-0.0387,0.0027,0.0027
1/12/16,0.007831423,0.009156023,0.003692069,0.0097965,0,-0.003940806,0.0024,-0.0309,-0.0007,-0.0003,-0.0069,0.0139,0.0093,-0.0011
1/13/16,-0.024877075,-0.010256421,-0.009458758,0.005970152,0.000955035,-0.006923868,-0.0004,0.0013,0.0035,0.0018,-0.0026,-0.0222,-0.0318,0.0004
1/14/16,0.016740314,0.001195734,0.01167104,-0.008902082,0,0.008964183,0.0018,0.0236,-0.0019,-0.0011,0.0005,0.0141,0.0196,0.0031
1/15/16,-0.021595721,-0.030254783,-0.034609351,0.008233575,0.00095422,-0.029615035,-0.0014,-0.0571,0.0058,0.0048,-0.0108,-0.0464,-0.0274,-0.0084
1/19/16,0.000518648,0.006568107,0.008690914,-0.003711992,0,0.009155686,0.0002,-0.0521,0.0015,0.0015,-0.006,0.0014,0.0015,0.0026
1/20/16,-0.011520071,-0.024469824,-0.021001566,0.002980628,0.00095331,-0.027217759,0.0013,-0.0671,-0.0029,-0.0016,0.0023,-0.023,-0.0028,-0.006
1/21/16,0.00518617,0.010033429,-0.006600703,-0.00594354,-0.000952402,-0.008290192,-0.0004,0.1122,-0.0015,-0.0016,0.0019,-0.0066,-0.0007,0.0065
1/22/16,0.020289857,0.026076203,0.032668921,-0.002242116,-0.00095331,0.038662448,0.0052,0.0901,-0.0047,-0.0071,0.0033,0.039,0.0284,0.0092
1/25/16,-0.015625,-0.008067784,-0.005898099,0.003745282,0.00095422,-0.011066347,-0.0024,-0.0575,0.0047,0.0048,-0.0011,-0.024,-0.0143,-0.004
1/26/16,0.014141395,0.015860081,0.005393706,0,0,0.008138388,-0.0028,0.0366,0,0.0021,0.0072,0.0153,0.0096,0.001
1/27/16,-0.010813852,-0.002802251,-0.001072933,-0.001492538,0,-0.001009086,-0.0018,0.027,0.0041,0.0019,-0.0083,-0.0108,-0.0236,0.0021
1/28/16,0.005581131,-0.002007169,0.012352327,0.000747422,0.00095331,0.00404032,-0.0041,0.0285,0.0024,0.0042,0.0091,-0.0013,0.0065,0.0013
1/29/16,0.024775429,0.016492358,0.037665701,0.008693024,0.002097731,0.024144976,0.0113,0.012,-0.0046,-0.0093,-0.008,0.0194,0.0263,0.0188