Date,Price,Open,High,Low,Vol.,Change %
29-Jan-16,152.73,149.4,153,145.25,7.17M,2.95%
28-Jan-16,148.35,151.1,151.71,145.42,4.25M,-1.41%
27-Jan-16,150.47,154.89,154.89,148.87,3.75M,-2.15%
26-Jan-16,153.78,152.78,155.23,151.09,3.65M,0.23%
25-Jan-16,153.43,156.18,158,153,4.77M,-1.70%
22-Jan-16,156.08,156.45,156.96,154.24,4.58M,2.16%
21-Jan-16,152.78,154.75,155.02,150.24,4.67M,-1.44%
20-Jan-16,155.02,149,156.84,148.05,7.34M,2.46%
19-Jan-16,151.3,153.45,154.62,148.23,4.38M,0.00%
15-Jan-16,151.3,147.69,152.3,147.69,6.21M,-1.21%
14-Jan-16,153.16,146.02,155.3,144.57,5.65M,5.29%
13-Jan-16,145.46,151.14,152.83,145.28,3.98M,-3.53%
12-Jan-16,150.79,148.43,151.24,146.92,4.41M,2.10%
11-Jan-16,147.69,151.33,151.59,144.17,4.75M,-2.00%
8-Jan-16,150.71,153.12,154.86,150.46,4.18M,-1.48%
7-Jan-16,152.98,153.06,156.45,152.89,4.16M,-2.39%
6-Jan-16,156.72,155.01,157.93,154.9,3.83M,-0.92%
5-Jan-16,158.17,159,160.21,157.25,2.68M,-0.11%
4-Jan-16,158.34,159,159.22,156.09,5.08M,-2.46%
31-Dec-15,162.33,162.15,164.11,162.05,1.78M,-0.59%
30-Dec-15,163.29,164.63,164.75,162.91,1.49M,-0.70%
29-Dec-15,164.44,162.92,164.96,162.05,2.17M,1.68%
28-Dec-15,161.73,162.91,163.12,160.6,1.51M,-1.11%
24-Dec-15,163.55,163.7,164.36,162.22,943.08K,0.51%
23-Dec-15,162.72,163.03,163.5,161.65,2.20M,0.26%
22-Dec-15,162.3,160.5,163.37,160.04,3.13M,1.90%
21-Dec-15,159.28,159.88,160.38,157.38,3.82M,0.30%
18-Dec-15,158.8,160.5,161.82,158.62,6.23M,-1.63%
17-Dec-15,161.43,164.58,164.99,159.81,3.70M,-1.91%
16-Dec-15,164.58,164.31,165.23,162.1,3.92M,1.21%
15-Dec-15,162.62,161.65,164.45,161.56,5.37M,2.85%
14-Dec-15,158.11,155.98,158.34,153.43,2.80M,1.91%
11-Dec-15,155.15,157.82,158.78,154.79,3.01M,-2.83%
10-Dec-15,159.67,158.97,160.85,157,2.81M,1.13%
9-Dec-15,157.89,158.35,159.81,156.12,3.00M,-0.92%
8-Dec-15,159.35,156.61,160.67,156.04,2.25M,0.66%
7-Dec-15,158.3,162.91,162.97,157.54,3.57M,-1.94%
4-Dec-15,161.43,154.96,161.95,154.95,3.92M,4.38%
3-Dec-15,154.65,160.27,160.52,153.71,4.47M,-3.66%
2-Dec-15,160.52,161.62,162.38,160.1,2.87M,-0.90%
1-Dec-15,161.98,162.71,163.43,160.52,2.43M,0.55%
30-Nov-15,161.1,163.49,164,160.36,2.98M,-1.48%
27-Nov-15,163.52,164.76,165,163.14,1.05M,-0.26%
25-Nov-15,163.95,163.05,164.59,162.71,2.13M,0.72%
24-Nov-15,162.78,161.01,163.34,161,3.69M,0.19%
23-Nov-15,162.47,159.63,163.13,159.63,4.17M,1.60%
20-Nov-15,159.91,160.74,161.34,159.55,2.73M,0.26%
19-Nov-15,159.49,159.89,161.52,158.83,2.04M,-0.89%
18-Nov-15,160.92,158.11,161.12,156.35,2.98M,2.11%
17-Nov-15,157.6,154.91,159.13,153.7,3.64M,2.01%
16-Nov-15,154.5,152.02,154.78,151.1,2.44M,1.95%
13-Nov-15,151.55,150.68,153.52,148,3.86M,0.38%
12-Nov-15,150.98,155.94,157.7,150.82,4.77M,-3.75%
11-Nov-15,156.86,159.26,159.57,156.76,1.92M,-0.95%
10-Nov-15,158.37,160.25,161.16,158.05,2.87M,-0.79%
9-Nov-15,159.63,159.75,160.61,158.32,2.72M,-0.52%
6-Nov-15,160.46,160.87,160.87,156.84,3.34M,-0.47%
5-Nov-15,161.22,162.2,162.48,158.82,2.20M,-0.41%
4-Nov-15,161.88,162.85,163.99,160.77,3.06M,-0.36%
3-Nov-15,162.46,160.97,163.15,160.5,2.41M,0.09%
2-Nov-15,162.31,159.01,162.75,158.37,3.22M,2.61%
30-Oct-15,158.18,161.06,162,158.13,4.59M,-1.49%
29-Oct-15,160.58,164.99,165,158.94,4.87M,-1.28%
28-Oct-15,162.67,162.72,162.87,158.73,4.88M,0.43%
27-Oct-15,161.98,158.58,162.12,157.83,3.88M,2.14%
26-Oct-15,158.58,156,159.91,154.65,4.35M,1.82%
23-Oct-15,155.75,153.61,156.2,151.86,3.66M,2.26%
22-Oct-15,152.31,152.1,152.94,148.57,4.08M,1.48%
21-Oct-15,150.09,152.37,152.75,147.3,3.84M,-0.24%
20-Oct-15,150.45,154.19,155,149.47,3.39M,-2.60%
19-Oct-15,154.47,152.61,156.14,152.46,3.27M,1.22%
16-Oct-15,152.61,153.19,154.12,150.58,4.79M,0.05%
15-Oct-15,152.54,147.45,152.78,146.97,3.27M,3.20%
14-Oct-15,147.81,148.38,150.93,147.13,3.20M,0.16%
13-Oct-15,147.58,151.54,152.98,147.44,4.14M,-3.56%
12-Oct-15,153.03,152.78,155.12,151.63,5.47M,2.30%
9-Oct-15,149.59,149.25,150.75,148,3.08M,-0.21%
8-Oct-15,149.9,147.68,150.99,145.03,6.64M,1.25%
7-Oct-15,148.05,142.65,148.31,140.24,8.00M,4.84%
6-Oct-15,141.22,142.12,143.37,138.06,4.82M,-1.79%
5-Oct-15,143.8,144,144.91,142.22,4.37M,0.93%
2-Oct-15,142.47,138.26,142.54,135.64,4.80M,1.60%
1-Oct-15,140.23,138.55,140.64,136.6,4.68M,1.38%
30-Sep-15,138.32,136.66,139.25,135.86,6.21M,3.36%
29-Sep-15,133.82,132,138,131.43,6.25M,1.19%
28-Sep-15,132.24,137.99,138.19,130.09,7.51M,-4.54%
25-Sep-15,138.53,146.06,146.75,136.76,5.24M,-3.47%
24-Sep-15,143.51,144.72,145.63,141.36,3.52M,-1.52%
23-Sep-15,145.72,146.08,147.04,144.03,2.79M,-0.14%
22-Sep-15,145.93,145,146.78,142.82,4.52M,-0.79%
21-Sep-15,147.09,151.97,152.8,146.32,4.70M,-2.32%
18-Sep-15,150.59,151.12,153.37,149.03,6.49M,-2.16%
17-Sep-15,153.91,151.7,156.34,151,3.52M,1.81%
16-Sep-15,151.18,151.97,152.88,148.47,4.00M,-0.63%
15-Sep-15,152.14,152.02,152.79,150.24,2.56M,0.75%
14-Sep-15,151,153.89,153.89,150.05,2.90M,-1.44%
11-Sep-15,153.21,152.05,153.44,150.93,2.42M,0.05%
10-Sep-15,153.14,150.84,154.32,150.56,3.48M,1.36%
9-Sep-15,151.08,156.19,156.76,150.62,2.99M,-2.25%
8-Sep-15,154.56,151.6,154.66,151,4.51M,5.13%
4-Sep-15,147.02,147.49,148.96,145.75,3.36M,-1.48%
3-Sep-15,149.23,152.68,154.12,148.93,2.87M,-2.01%
2-Sep-15,152.29,149.07,152.35,147.25,4.34M,3.28%
1-Sep-15,147.46,149.23,150.99,146.95,5.52M,-2.85%
31-Aug-15,151.78,155.33,156.35,151.3,4.35M,-2.64%
28-Aug-15,155.89,156.38,158,153.71,4.65M,0.11%
27-Aug-15,155.72,154.88,157.1,151.36,4.91M,1.13%
26-Aug-15,153.98,151.23,154.11,147.12,5.25M,6.05%
25-Aug-15,145.19,152.5,153.88,144.88,6.70M,-1.66%
24-Aug-15,147.64,145.33,154.42,140,8.70M,-4.87%
21-Aug-15,155.19,158.97,163.92,155.19,6.21M,-3.70%
20-Aug-15,161.15,164.33,165.5,161.03,3.49M,-3.25%
19-Aug-15,166.57,166.82,167.72,164.45,3.14M,-0.69%
18-Aug-15,167.72,170.01,170.24,167.1,2.27M,-1.22%
17-Aug-15,169.79,167.05,169.89,166,1.99M,1.23%
14-Aug-15,167.72,168.09,169.63,166.66,2.70M,-0.51%
13-Aug-15,168.58,170.5,170.99,168.03,1.90M,-1.20%
12-Aug-15,170.62,167.69,171.19,164.62,4.49M,1.22%
11-Aug-15,168.56,169.67,169.73,166.89,2.92M,-1.20%
10-Aug-15,170.6,172.9,174.69,170.45,2.73M,-0.99%
7-Aug-15,172.31,169.67,172.47,166.4,4.16M,1.56%
6-Aug-15,169.66,176.94,176.96,168.25,3.78M,-3.84%
5-Aug-15,176.44,175.53,177.52,175.38,2.15M,0.94%
4-Aug-15,174.8,175.79,176.22,173.62,2.47M,-0.45%
3-Aug-15,175.59,176.8,177.05,174.02,2.92M,-0.57%
31-Jul-15,176.59,177.5,181.81,176,7.29M,2.85%
30-Jul-15,171.69,170.09,172.48,168.21,4.04M,0.13%
29-Jul-15,171.47,172.92,173.68,169.12,5.11M,-0.74%
28-Jul-15,172.74,166.12,174.8,166.12,8.55M,4.35%
27-Jul-15,165.54,159.37,165.94,159.16,5.76M,4.38%
24-Jul-15,158.59,162.11,163.73,157.21,4.41M,-3.36%
23-Jul-15,164.1,165,165.12,162.79,1.72M,-0.09%
22-Jul-15,164.25,161.47,164.68,161.47,2.11M,0.34%
21-Jul-15,163.7,164.72,165.32,162.37,2.69M,-0.39%
20-Jul-15,164.34,163.56,165.4,162.89,2.69M,0.66%
17-Jul-15,163.27,163.05,163.5,160.6,3.25M,0.14%
16-Jul-15,163.04,161.73,163.75,161.07,2.49M,1.61%
15-Jul-15,160.45,160.46,162.55,159.58,2.62M,0.71%
14-Jul-15,159.32,156.34,160.31,155.76,3.62M,2.29%
13-Jul-15,155.76,155.28,156.56,154.92,1.80M,1.08%
10-Jul-15,154.1,153.99,154.53,152.49,3.98M,1.84%
9-Jul-15,151.31,152.44,153.9,151.04,4.15M,-0.66%
8-Jul-15,152.31,154.11,154.85,151.93,2.39M,-1.98%
7-Jul-15,155.39,155.25,155.7,152.18,2.25M,0.58%
6-Jul-15,154.5,152.14,156.07,151.89,2.77M,0.81%
2-Jul-15,153.26,155.15,155.57,153.01,2.12M,-1.12%
1-Jul-15,154.99,154.94,155.75,153.43,2.30M,0.96%
30-Jun-15,153.52,153.24,154.22,151.51,3.89M,1.27%
29-Jun-15,151.6,156.63,157.96,151.43,4.78M,-4.06%
26-Jun-15,158.02,159.41,159.79,157.23,3.54M,-0.47%
25-Jun-15,158.76,160.82,160.84,158.02,2.41M,-0.71%
24-Jun-15,159.89,161.53,161.84,159.28,2.52M,-1.11%
23-Jun-15,161.69,163.45,163.5,161.04,2.45M,-0.33%
22-Jun-15,162.22,161.62,163.26,161.45,1.93M,0.93%
19-Jun-15,160.72,160.13,162.23,159.77,5.18M,0.37%
18-Jun-15,160.12,156.33,160.77,156.31,3.45M,2.87%
17-Jun-15,155.65,156.86,156.98,154.88,3.01M,-0.37%
16-Jun-15,156.23,155.81,156.81,155.09,1.72M,0.08%
15-Jun-15,156.1,154.75,156.37,153.57,2.59M,-0.01%
12-Jun-15,156.12,157.23,157.74,155.01,2.40M,-1.16%
11-Jun-15,157.96,157.91,158.97,156.44,3.63M,1.55%
10-Jun-15,155.55,153.4,155.88,150.85,5.97M,0.48%
9-Jun-15,154.8,156.55,157.11,153.91,2.77M,-1.07%
8-Jun-15,156.47,157.3,158.47,155.63,2.08M,-0.50%
5-Jun-15,157.25,158.5,159.4,156.03,3.43M,-0.53%
4-Jun-15,158.09,156.6,158.47,156.3,3.92M,0.61%
3-Jun-15,157.13,157.45,157.86,156.4,2.16M,0.44%
2-Jun-15,156.44,156.88,157.97,154.8,2.50M,-0.38%
1-Jun-15,157.03,157.59,158,155.5,2.85M,0.49%
29-May-15,156.26,156.79,157.97,155.58,4.41M,-0.69%
28-May-15,157.35,159.6,159.6,155.83,4.21M,-1.93%
27-May-15,160.44,159.96,161,159.28,3.34M,0.90%
26-May-15,159.01,160.65,162.46,158,4.08M,-2.79%
22-May-15,163.58,163.58,164.57,163.03,1.64M,-0.16%
21-May-15,163.84,163.52,164.73,162.82,2.16M,-0.09%
20-May-15,163.98,163.97,165.59,162.4,2.03M,0.26%
19-May-15,163.56,163.86,164.12,162.46,1.75M,0.07%
18-May-15,163.44,161.7,163.9,161.27,2.15M,0.67%
15-May-15,162.36,163.27,163.63,161.68,2.39M,0.23%
14-May-15,161.98,159.9,162.16,158.19,2.72M,2.27%
13-May-15,158.39,159.74,161.24,157.65,2.73M,0.09%
12-May-15,158.24,159,159.26,155.71,4.36M,-1.74%
11-May-15,161.05,162.31,162.99,161,2.72M,-0.79%
8-May-15,162.34,159.78,162.86,159.13,4.66M,2.81%
7-May-15,157.9,159.24,159.82,157.2,4.37M,-0.66%
6-May-15,158.95,160,160.39,156.65,3.76M,-0.31%
5-May-15,159.44,161.31,162.19,159.24,3.09M,-1.65%
4-May-15,162.11,161.5,163.96,161.45,3.50M,1.09%
1-May-15,160.36,159.5,161.69,158.65,3.26M,1.55%
30-Apr-15,157.91,159.84,161.71,156.47,4.44M,-1.91%
29-Apr-15,160.98,161.28,163.46,159.53,3.28M,-0.93%
28-Apr-15,162.49,162.15,165.3,160.63,4.26M,0.07%
27-Apr-15,162.38,168.49,168.72,161.55,4.39M,-3.29%
24-Apr-15,167.91,168.15,169.25,166.06,2.55M,-0.74%
23-Apr-15,169.17,167.94,169.55,166.58,3.67M,0.04%
22-Apr-15,169.1,173.04,173.6,167.01,5.35M,0.38%
21-Apr-15,168.46,167.09,168.88,167.07,3.79M,1.50%
20-Apr-15,165.97,164.64,166.05,163.06,2.76M,1.46%
17-Apr-15,163.58,165,165.5,161.72,4.25M,-1.97%
16-Apr-15,166.87,166.4,167.64,165.07,3.09M,0.85%
15-Apr-15,165.47,163.12,165.91,162.86,3.66M,1.78%
14-Apr-15,162.57,162.5,163.47,160.56,2.10M,0.05%
13-Apr-15,162.49,162.82,164.72,162.34,1.77M,-0.54%
10-Apr-15,163.38,161.59,163.69,160.31,2.41M,1.17%
9-Apr-15,161.49,161.23,161.8,159.07,2.86M,0.72%
8-Apr-15,160.33,157.68,160.99,157.66,3.03M,1.94%
7-Apr-15,157.28,155.62,159.47,155.28,2.94M,1.29%
6-Apr-15,155.28,154.8,157.27,154.6,3.19M,-0.38%
2-Apr-15,155.88,157.12,158.18,155.03,3.02M,-0.78%
1-Apr-15,157.1,159.37,159.39,154.64,5.13M,-1.72%
31-Mar-15,159.85,163.32,164.09,159.72,3.11M,-2.71%
30-Mar-15,164.31,164.51,165.82,163.05,2.39M,1.06%
27-Mar-15,162.59,161.26,163.44,161,2.44M,1.27%
26-Mar-15,160.55,158.84,162.69,157.36,3.15M,-0.04%
25-Mar-15,160.62,166,166.79,160.57,4.01M,-3.25%
24-Mar-15,166.01,166.06,168.25,165.4,2.56M,-0.32%
23-Mar-15,166.54,168.9,169.21,165.7,3.88M,-2.09%
20-Mar-15,170.1,170.4,172.36,168.51,9.04M,0.59%
19-Mar-15,169.11,167.67,169.22,166.97,3.76M,1.54%
18-Mar-15,166.54,162.97,167.6,161.83,3.69M,2.13%
17-Mar-15,163.07,162.25,163.76,161.74,2.62M,0.02%
16-Mar-15,163.03,157.73,163.2,156.74,5.20M,5.69%
13-Mar-15,154.26,153.28,154.75,152.58,2.74M,0.01%
12-Mar-15,154.25,154.26,154.77,152.95,1.89M,1.02%
11-Mar-15,152.7,154.12,154.27,152.42,2.49M,-0.57%
10-Mar-15,153.58,152.87,155.62,152.29,3.51M,-0.92%
9-Mar-15,155.01,154.85,155.74,152.78,2.13M,0.08%
6-Mar-15,154.88,158.5,159.92,154,4.09M,-2.96%
5-Mar-15,159.6,160,161.48,158.86,2.47M,0.26%
4-Mar-15,159.19,158.05,159.74,156.81,3.10M,0.40%
3-Mar-15,158.56,159.4,159.4,157.51,2.33M,-0.67%
2-Mar-15,159.63,159.29,159.9,157.62,3.48M,1.21%
27-Feb-15,157.72,159.1,159.24,157.2,2.47M,-0.79%
26-Feb-15,158.97,158.48,159.4,156,3.38M,0.56%
25-Feb-15,158.08,157.76,158.78,155.74,3.26M,0.45%
24-Feb-15,157.37,159,159.11,156.25,2.06M,-0.66%
23-Feb-15,158.42,158.07,159.2,157.81,3.09M,0.48%
20-Feb-15,157.66,156.43,157.75,155.06,4.41M,1.03%
19-Feb-15,156.05,155.97,156.42,155.04,3.91M,0.17%
18-Feb-15,155.78,154.22,156.23,153.64,3.30M,1.00%
17-Feb-15,154.24,153.52,154.85,153,3.90M,0.50%
13-Feb-15,153.48,153.62,153.81,150.21,3.59M,0.20%
12-Feb-15,153.18,154.83,154.83,151.12,2.94M,0.05%
11-Feb-15,153.11,153.3,155.24,152.26,4.00M,0.35%
10-Feb-15,152.57,150.5,152.63,149.05,4.11M,1.71%
9-Feb-15,150.01,150,151.83,149.2,3.24M,-0.92%
6-Feb-15,151.4,154.32,154.76,150.6,3.24M,-1.28%
5-Feb-15,153.36,152.29,153.9,151.02,3.56M,1.26%
4-Feb-15,151.45,150.13,153.15,147.42,5.83M,-0.51%
3-Feb-15,152.23,153.76,153.76,148.87,4.30M,-0.18%
2-Feb-15,152.5,153.41,153.97,149.4,3.83M,0.16%
30-Jan-15,152.26,155.55,156.87,151.53,5.32M,-2.63%
29-Jan-15,156.37,154.89,156.84,153.76,3.44M,1.12%
28-Jan-15,154.64,158.32,160.91,154.51,4.93M,-2.67%
27-Jan-15,158.89,158.53,160.74,158.28,2.88M,-0.53%
26-Jan-15,159.73,159.62,161.48,157.67,3.15M,-0.05%
23-Jan-15,159.81,159.8,160.01,158.25,2.25M,0.15%
22-Jan-15,159.57,158.17,159.78,154.11,3.78M,1.39%
21-Jan-15,157.38,155.38,158.27,155.38,2.80M,-0.14%
20-Jan-15,157.6,159.21,159.73,154.65,3.66M,-0.52%
16-Jan-15,158.43,152.43,158.44,152.03,3.51M,4.29%
15-Jan-15,151.92,156.15,157.74,151.53,2.90M,-2.09%
14-Jan-15,155.16,152.87,155.54,152.57,3.43M,0.01%
13-Jan-15,155.14,158.89,160.96,153.41,4.57M,-0.69%
12-Jan-15,156.22,156.22,157.99,154.99,2.70M,0.31%
9-Jan-15,155.73,158.76,158.76,154.63,3.95M,-1.23%
8-Jan-15,157.67,159.6,162.76,155.15,4.56M,-0.36%
7-Jan-15,158.24,154.09,158.58,153.01,3.50M,3.49%
6-Jan-15,152.9,158.78,158.88,152.33,5.08M,-3.22%
5-Jan-15,157.99,157.43,159.6,154.26,4.09M,-1.19%
2-Jan-15,159.89,160.16,162.59,158.6,2.61M,0.38%
31-Dec-14,159.29,161.67,163.28,159.26,2.69M,-0.83%
30-Dec-14,160.63,162.69,162.73,160.18,2.02M,-1.36%
29-Dec-14,162.85,163.83,164.05,161.52,1.73M,-0.37%
26-Dec-14,163.46,162.16,164.15,161.85,1.71M,1.74%
24-Dec-14,160.67,156.53,163.17,156.47,2.22M,2.00%
23-Dec-14,157.52,164.91,164.99,154.36,7.09M,-4.26%
22-Dec-14,164.53,168.31,169.04,163.91,4.06M,-3.31%
19-Dec-14,170.17,168.91,171.73,167.4,7.86M,1.00%
18-Dec-14,168.48,166.1,168.59,164.58,3.51M,3.06%
17-Dec-14,163.48,159.46,164.01,158.6,3.42M,2.53%
16-Dec-14,159.44,157.68,163.96,157.5,4.49M,-0.10%
15-Dec-14,159.6,164.77,164.99,159.4,4.43M,-3.00%
12-Dec-14,164.53,163.14,167.71,162.3,3.38M,-0.93%
11-Dec-14,166.08,166.7,169.64,165.6,3.18M,0.42%
10-Dec-14,165.39,169,169.75,165,3.49M,-2.36%
9-Dec-14,169.39,170.32,170.91,167.44,3.71M,-1.31%
8-Dec-14,171.64,169.39,173.14,169,3.95M,1.42%
5-Dec-14,169.24,166.68,169.41,166.11,2.55M,1.62%
4-Dec-14,166.55,167.54,168.76,166.45,3.36M,-0.90%
3-Dec-14,168.07,169.28,169.49,166.5,2.37M,-0.71%
2-Dec-14,169.28,167.6,169.33,166.8,3.29M,1.72%
1-Dec-14,166.41,165.12,167.37,164.17,2.51M,0.67%
28-Nov-14,165.31,165,167.34,164.52,1.79M,0.36%
26-Nov-14,164.72,162.75,164.84,162.47,2.12M,1.53%
25-Nov-14,162.24,164.06,164.41,160.7,3.56M,-1.18%
24-Nov-14,164.18,163,165.68,162.94,2.19M,0.84%
21-Nov-14,162.81,165.58,165.58,161.43,3.72M,0.08%
20-Nov-14,162.68,161.91,164.83,161.75,3.21M,0.02%
19-Nov-14,162.64,161.28,163.28,160.37,2.42M,0.25%
18-Nov-14,162.24,158.91,162.39,158.37,3.14M,1.95%
17-Nov-14,159.14,156.91,160.2,156.66,2.66M,0.93%
14-Nov-14,157.68,161.1,161.28,156.62,4.51M,-1.97%
13-Nov-14,160.85,162.11,162.35,159.58,3.64M,-0.67%
12-Nov-14,161.93,161.77,163.07,161.04,3.53M,-0.30%
11-Nov-14,162.42,163.08,163.86,161.52,3.02M,-0.41%
10-Nov-14,163.09,161.01,163.2,160.5,3.16M,1.77%
7-Nov-14,160.25,162.07,162.25,158.32,3.63M,-0.06%
6-Nov-14,160.35,159.97,160.94,159.47,3.31M,0.89%
5-Nov-14,158.94,161.31,161.31,158.81,4.06M,-0.92%
4-Nov-14,160.41,160.69,161.99,159.17,3.72M,-0.71%
3-Nov-14,161.56,162.08,162.41,159.65,5.82M,-0.38%
31-Oct-14,162.18,164.56,164.65,161.42,7.97M,0.37%
30-Oct-14,161.58,158.64,161.58,158.16,3.86M,1.70%
29-Oct-14,158.88,157.91,159.72,156.91,7.07M,1.08%
28-Oct-14,157.19,151.75,157.25,151.47,11.63M,6.07%
27-Oct-14,148.2,146.7,148.47,146.11,4.17M,0.64%
24-Oct-14,147.26,146.85,147.5,145.52,5.32M,0.01%
23-Oct-14,147.25,145.9,148.14,145.24,4.71M,2.51%
22-Oct-14,143.64,143.81,144.41,141.67,5.22M,-0.31%
21-Oct-14,144.09,138.49,145.49,137.01,8.95M,4.79%
20-Oct-14,137.51,133.28,137.55,133.01,6.62M,2.86%
17-Oct-14,133.69,131.25,139.85,129.5,7.35M,2.48%
16-Oct-14,130.45,128.15,130.88,127.67,7.91M,-0.34%
15-Oct-14,130.9,131.02,131.37,128.6,4.70M,-0.98%
14-Oct-14,132.2,135.38,135.43,131.93,3.74M,-1.02%
13-Oct-14,133.56,137.05,137.81,133.52,6.88M,-2.79%
10-Oct-14,137.39,136.78,140.74,136.78,5.75M,-0.14%
9-Oct-14,137.58,139.57,140.19,137.02,2.75M,-1.78%
8-Oct-14,140.07,135.61,140.38,135.42,3.63M,2.97%
7-Oct-14,136.03,137.14,137.54,135.98,2.68M,-1.15%
6-Oct-14,137.61,138.07,140.55,136.98,3.19M,-1.11%
3-Oct-14,139.15,138.07,139.71,137.9,3.43M,1.42%
2-Oct-14,137.2,138.98,139.77,136.32,3.06M,-1.17%
1-Oct-14,138.82,140.39,140.78,138.18,3.76M,-1.17%
30-Sep-14,140.46,140.31,141.58,139.02,2.65M,0.28%
29-Sep-14,140.07,139.96,141.5,139.33,2.22M,-0.70%
26-Sep-14,141.06,140.01,141.19,138.93,2.30M,0.87%
25-Sep-14,139.85,142.08,143.03,139.4,2.68M,-1.68%
24-Sep-14,142.24,140.75,142.48,140.02,3.23M,1.11%
23-Sep-14,140.68,141.84,142.4,140.57,2.32M,-1.06%
22-Sep-14,142.18,143.29,144.02,141.09,3.09M,-1.27%
19-Sep-14,144.01,142.99,144.46,142.29,6.70M,1.40%
18-Sep-14,142.02,140.9,142.16,139.95,2.16M,0.93%
17-Sep-14,140.71,140,141.57,138.62,3.94M,0.99%
16-Sep-14,139.33,137.32,139.55,136.95,2.40M,0.99%
15-Sep-14,137.97,137.57,138.06,136.89,2.18M,0.06%
12-Sep-14,137.89,138.51,138.99,136.82,2.33M,-0.77%
11-Sep-14,138.96,138.53,139.93,137.35,3.62M,-0.17%
10-Sep-14,139.19,137.39,139.72,137.27,2.33M,1.31%
9-Sep-14,137.39,138.66,138.98,137.07,3.12M,-1.35%
8-Sep-14,139.27,138,139.36,137.66,2.51M,1.01%
5-Sep-14,137.88,138.22,138.33,135.63,3.36M,-0.09%
4-Sep-14,138.01,138.74,139.5,137.53,2.98M,-0.41%
3-Sep-14,138.58,138.53,138.85,137.34,2.73M,0.45%
2-Sep-14,137.96,139.62,139.93,137.2,3.29M,-1.02%
29-Aug-14,139.38,139.45,139.73,138.31,2.36M,0.50%
28-Aug-14,138.69,137.65,139.38,137.29,3.90M,0.62%
27-Aug-14,137.83,137.94,138.57,136.69,2.69M,0.41%
26-Aug-14,137.27,134.91,137.67,134.9,3.89M,1.84%
25-Aug-14,134.79,133.38,134.93,133.38,3.00M,1.48%
22-Aug-14,132.82,132.99,133.46,132.42,2.02M,0.22%
21-Aug-14,132.53,132.96,133.01,132.04,1.77M,-0.11%
20-Aug-14,132.68,131.97,133.27,131.85,1.75M,-0.26%
19-Aug-14,133.02,133.36,133.69,131.8,1.88M,-0.15%
18-Aug-14,133.22,133.35,133.98,132.37,3.16M,0.32%
15-Aug-14,132.8,133.31,133.31,130,4.35M,0.71%
14-Aug-14,131.86,125.2,132.52,124.81,6.41M,3.55%
13-Aug-14,127.34,126.65,127.8,126.3,2.54M,0.81%
12-Aug-14,126.32,126.22,126.9,125.4,2.32M,-0.79%
11-Aug-14,127.32,127.86,128,126.58,2.53M,0.29%
8-Aug-14,126.95,125.22,127.41,125.14,2.21M,0.95%
7-Aug-14,125.75,127.41,128.89,125.51,3.07M,-1.05%
6-Aug-14,127.09,127.26,128.78,126.53,2.58M,-0.62%
5-Aug-14,127.88,127.51,129,126.62,3.75M,-0.60%
4-Aug-14,128.65,129,129.39,126.52,6.40M,2.47%
1-Aug-14,125.55,126.17,127.3,124.76,4.54M,-1.44%
31-Jul-14,127.39,128.39,129.34,127.04,4.84M,-2.02%
30-Jul-14,130.01,128.63,131.24,128.63,8.47M,5.43%
29-Jul-14,123.31,122.52,124.39,122.25,3.99M,0.54%
28-Jul-14,122.65,122.63,123.05,121.66,2.43M,-0.15%
25-Jul-14,122.84,121.97,122.88,121.67,3.03M,0.47%
24-Jul-14,122.26,122.15,122.36,121.32,3.22M,0.20%
23-Jul-14,122.01,121.38,122.39,121,3.53M,0.74%
22-Jul-14,121.11,119.59,121.27,119.35,2.81M,1.75%
21-Jul-14,119.03,117.63,119.34,117.2,3.08M,0.62%
18-Jul-14,118.3,116.11,118.68,114.93,3.48M,2.52%
17-Jul-14,115.39,116.73,117.17,115.21,2.69M,-1.97%
16-Jul-14,117.71,117.85,117.85,116.27,4.09M,0.73%
15-Jul-14,116.86,118.74,119.47,116.57,3.96M,-1.78%
14-Jul-14,118.98,120.84,120.86,118.81,2.15M,-0.66%
11-Jul-14,119.77,120.43,120.8,119.11,2.73M,0.69%
10-Jul-14,118.95,118.91,119.2,117.88,2.64M,-0.52%
9-Jul-14,119.57,120.45,120.62,118.92,2.65M,-0.33%
8-Jul-14,119.96,119.99,120.98,119.1,2.46M,-0.17%
7-Jul-14,120.16,121.85,123.11,120.04,3.08M,-2.19%
3-Jul-14,122.85,121.45,122.85,120.72,1.96M,1.50%
2-Jul-14,121.03,120.08,121.22,120.02,1.45M,0.60%
1-Jul-14,120.31,119.39,120.5,119.05,2.08M,1.64%
30-Jun-14,118.37,118.96,119.17,118.2,2.42M,-0.19%
27-Jun-14,118.59,119.47,119.5,117.5,3.33M,-0.46%
26-Jun-14,119.14,119.96,119.97,117.48,2.31M,-0.23%
25-Jun-14,119.42,118.7,120.34,118.28,2.67M,0.53%
24-Jun-14,118.79,119.46,120.26,118.34,2.00M,-0.29%
23-Jun-14,119.13,120.68,120.85,118.5,2.32M,-1.52%
20-Jun-14,120.97,118.53,121,117.83,6.25M,2.65%
19-Jun-14,117.85,118.12,118.12,117.18,2.21M,0.31%
18-Jun-14,117.49,116.44,117.56,115.5,2.55M,1.14%
17-Jun-14,116.17,116.75,116.85,115.67,2.11M,0.01%
16-Jun-14,116.16,116,116.91,115.72,2.16M,0.11%
13-Jun-14,116.03,116.67,116.69,115.3,1.46M,-0.15%
12-Jun-14,116.2,116.14,116.62,115.61,1.81M,-0.12%
11-Jun-14,116.34,116.96,117.52,115.6,2.18M,-0.65%
10-Jun-14,117.1,115.76,117.15,115.7,1.91M,0.60%
9-Jun-14,116.4,117.47,117.79,116.04,2.90M,-1.21%
6-Jun-14,117.82,118.82,118.83,117.02,2.56M,0.07%
5-Jun-14,117.74,119.34,119.34,117.6,3.12M,-1.18%
4-Jun-14,119.15,117.5,119.38,117.22,3.05M,1.73%
3-Jun-14,117.12,116.45,117.72,116.2,2.47M,0.58%
2-Jun-14,116.45,116.72,117.06,115.83,2.74M,0.40%
30-May-14,115.99,116.57,116.57,115.03,2.25M,-0.01%
29-May-14,116,115.77,116.5,115.5,2.12M,0.29%
28-May-14,115.67,116.1,116.38,115.36,2.26M,-0.19%
27-May-14,115.89,115.73,115.92,114.72,2.51M,1.36%
23-May-14,114.33,114.99,115.12,113.56,2.82M,-0.46%
22-May-14,114.86,113.18,115.59,113.01,2.58M,1.21%
21-May-14,113.49,112.08,113.84,111.96,2.81M,1.13%
20-May-14,112.22,112.8,112.85,111.89,3.23M,0.12%
19-May-14,112.08,111.24,112.47,110.92,3.66M,0.13%
16-May-14,111.94,110.86,112.03,110.59,4.19M,1.50%
15-May-14,110.29,112,112.32,109.92,2.79M,-1.59%
14-May-14,112.07,111.14,112.48,110.52,2.99M,1.14%
13-May-14,110.81,111.66,112.18,110.76,3.68M,-0.82%
12-May-14,111.73,111.78,112.73,111.39,3.56M,0.22%
9-May-14,111.48,110.5,111.57,109.41,3.49M,0.63%
8-May-14,110.78,112.4,113.72,110.57,4.16M,-1.76%
7-May-14,112.77,111.72,112.84,110.78,2.82M,0.44%
6-May-14,112.28,112.56,113.67,112.2,3.76M,-0.80%
5-May-14,113.18,111.39,113.34,110.86,2.54M,0.68%
2-May-14,112.42,113.13,113.72,111.67,4.32M,-0.30%
1-May-14,112.76,111.38,113.21,110.81,3.64M,0.90%
30-Apr-14,111.75,111.81,112.27,110.41,4.47M,-0.13%
29-Apr-14,111.9,112.3,112.45,110.67,4.12M,0.38%
28-Apr-14,111.48,111.78,112.34,108.2,6.11M,0.06%
25-Apr-14,111.41,113.62,113.62,111.3,4.51M,-2.03%
24-Apr-14,113.72,114.11,114.5,111.79,6.11M,0.36%
23-Apr-14,113.31,116.06,116.45,111.51,10.97M,-5.02%
22-Apr-14,119.3,117.24,119.71,117.05,4.28M,1.95%
21-Apr-14,117.02,116.46,117.09,114.64,2.66M,1.35%
17-Apr-14,115.46,115.61,117.19,115.02,3.24M,-0.07%
16-Apr-14,115.54,116.15,116.24,113.73,3.45M,0.47%
15-Apr-14,115,113.9,115.99,111.4,4.75M,1.48%
14-Apr-14,113.32,113,114.88,111.39,5.43M,1.23%
11-Apr-14,111.94,113.27,116.09,111.9,7.26M,-1.90%
10-Apr-14,114.11,119.87,119.95,113.4,6.20M,-4.91%
9-Apr-14,120,117.94,120.19,117.5,3.44M,1.71%
8-Apr-14,117.98,120.17,120.47,117.67,4.18M,-0.71%
7-Apr-14,118.82,118.19,119.74,116.56,4.81M,-0.24%
4-Apr-14,119.11,125.07,125.38,118.99,5.02M,-4.04%
3-Apr-14,124.13,126.16,127.25,123.13,3.04M,-1.47%
2-Apr-14,125.98,126.02,127.09,125.02,2.89M,-0.07%
1-Apr-14,126.07,123.67,126.23,123.51,3.16M,2.21%
31-Mar-14,123.34,122.5,124.53,122.19,4.76M,2.31%
28-Mar-14,120.55,122.27,124.12,120.38,3.25M,-1.42%
27-Mar-14,122.29,121.31,123.98,120.5,4.55M,1.82%
26-Mar-14,120.11,121.23,122.89,120.05,3.84M,-0.43%
25-Mar-14,120.63,121.74,123.95,119.66,3.86M,-0.54%
24-Mar-14,121.28,123.27,123.5,118.56,4.45M,-1.34%
21-Mar-14,122.93,127.05,128.96,122.47,7.10M,-3.24%
20-Mar-14,127.05,126.16,127.1,125.24,2.31M,0.37%
19-Mar-14,126.58,127.99,127.99,125.72,2.60M,-0.70%
18-Mar-14,127.47,124.5,127.48,124.31,3.26M,2.91%
17-Mar-14,123.86,123.12,125.31,122.55,2.58M,1.08%
14-Mar-14,122.54,123.4,124.91,122.36,2.22M,-1.15%
13-Mar-14,123.96,126.17,126.35,123.31,2.44M,-1.60%
12-Mar-14,125.98,122.98,126,122.98,2.76M,1.38%
11-Mar-14,124.27,125.45,125.6,123.74,2.66M,-0.90%
10-Mar-14,125.4,122.26,126.1,122.25,3.79M,2.57%
7-Mar-14,122.26,125.31,125.9,120.26,7.12M,-1.55%
6-Mar-14,124.19,126.69,127.42,124.12,3.07M,-1.58%
5-Mar-14,126.19,126.18,127.15,125.39,2.48M,0.15%
4-Mar-14,126,125.32,126.06,124.51,2.56M,1.87%
3-Mar-14,123.69,122.89,124.18,122.52,2.50M,-0.27%
28-Feb-14,124.02,124.26,126.95,123.17,4.85M,0.76%
27-Feb-14,123.08,121.99,123.9,121.77,3.78M,1.00%
26-Feb-14,121.86,123.9,124.23,121.74,3.90M,-2.01%
25-Feb-14,124.36,125.34,126.22,124.02,2.43M,-1.14%
24-Feb-14,125.79,124.39,126.59,124.2,2.77M,1.57%
21-Feb-14,123.85,123.75,125.5,123.26,3.39M,0.29%
20-Feb-14,123.49,123.35,124.31,122.9,3.02M,0.11%
19-Feb-14,123.35,124.85,124.9,123.13,2.78M,-1.27%
18-Feb-14,124.94,124.84,126.32,124.57,3.08M,0.89%
14-Feb-14,123.84,123.54,124.3,122.52,2.68M,-0.25%
13-Feb-14,124.15,121.65,124.16,121.22,2.53M,1.59%
12-Feb-14,122.21,120.93,122.53,120.87,2.19M,0.80%
11-Feb-14,121.24,120,121.25,118.85,2.50M,0.78%
10-Feb-14,120.3,119.68,120.36,117.9,3.35M,1.18%
7-Feb-14,118.9,116.44,119.04,115.81,2.84M,2.44%
6-Feb-14,116.07,115.62,116.82,115.08,2.74M,0.87%
5-Feb-14,115.07,115.43,116.94,114.57,4.33M,-0.61%
4-Feb-14,115.78,117.69,117.73,115.71,5.09M,-0.83%
3-Feb-14,116.75,119.68,120.5,116.47,5.05M,-1.85%
31-Jan-14,118.95,118.55,120.21,118.1,4.94M,-1.60%
30-Jan-14,120.89,120.07,121.98,119.55,3.32M,1.44%
29-Jan-14,119.17,117,121.16,117,5.73M,-1.27%
28-Jan-14,120.7,118.39,121.87,118.31,4.35M,1.84%
27-Jan-14,118.52,119.25,119.83,117.42,4.13M,-0.65%
24-Jan-14,119.29,122.61,122.61,118.99,5.06M,-3.49%
23-Jan-14,123.6,123,124.22,121.6,3.53M,-0.62%
22-Jan-14,124.37,119.83,124.46,119.58,5.09M,4.29%
21-Jan-14,119.25,119.96,120,118.57,3.07M,0.08%
17-Jan-14,119.15,118.91,119.55,118.31,4.01M,0.10%
16-Jan-14,119.03,118.82,119.69,118.21,2.55M,0.44%
15-Jan-14,118.51,118.42,118.95,117.4,3.07M,0.67%
14-Jan-14,117.72,116.84,117.94,116.22,2.54M,1.13%
13-Jan-14,116.4,118.32,118.73,115.94,3.70M,-1.35%
10-Jan-14,117.99,119,119,116.2,3.05M,-0.76%
9-Jan-14,118.89,116.54,118.96,116.22,3.40M,2.60%
8-Jan-14,115.88,116.64,116.9,115.35,2.48M,-0.47%
7-Jan-14,116.43,113.5,116.79,113.27,3.64M,2.60%
6-Jan-14,113.48,114.47,114.92,113.12,2.84M,-0.86%
3-Jan-14,114.47,115.7,115.97,114.06,2.08M,-1.15%